@ID,MNEMONIC,SHORT.NAME,NAME.1,SECTOR,ACCOUNT.OFFICER,NATIONALITY,RESIDENCE
100000,DENISTANGU,DENIS TANGUY,DENIS TANGUY,1002,2,CG,CG
100001,GEORGESGUY,GEORGES GUYON,GEORGES GUYON,2001,1,CG,CG
100002,SOPHIEGONC,SOPHIE GONCALVE,SOPHIE GONCALVES-DIALLO,1001,3,CG,CG
100003,CLÉMENCE-H,CLÉMENCE-HÉLÈNE,CLÉMENCE-HÉLÈNE DELORME,2001,2,CG,CG
100004,CHARLESMAI,CHARLES MAILLET,CHARLES MAILLET,2001,3,CG,CG
100005,MAURICEGRÉ,MAURICE GRÉGOIR,MAURICE GRÉGOIRE,1002,3,CG,CG
100006,CÉLINETHIB,CÉLINE THIBAULT,CÉLINE THIBAULT,1002,3,CG,CG
100007,STÉPHANEHU,STÉPHANE HUMBER,STÉPHANE HUMBERT DE LA LEJEUNE,2001,1,CG,CG
100008,ÉDOUARDDEL,ÉDOUARD DE LA B,ÉDOUARD DE LA BLONDEL,2001,3,CG,CG
100009,LUCYREY,LUCY REY,LUCY REY,2001,1,CG,CG
100010,ALEXANDRIA,ALEXANDRIA MOUL,ALEXANDRIA MOULIN,2001,2,CG,CG
100011,MAGGIEDIAL,MAGGIE DIALLO-G,MAGGIE DIALLO-GUÉRIN,2001,3,CG,CG
100012,MICHELLEVA,MICHELLE VALENT,MICHELLE VALENTIN,1002,1,CG,CG
100013,MICHELGUIL,MICHEL GUILLON,MICHEL GUILLON,1002,2,CG,CG
100014,GUILLAUMEA,GUILLAUME ALVES,GUILLAUME ALVES,2001,2,CG,CG
100015,CAROLINELE,CAROLINE LE VAL,CAROLINE LE VALETTE,1002,1,CG,CG
100016,YVESPETITJ,YVES PETITJEAN,YVES PETITJEAN,1001,3,CG,CG
100017,LAETITIAGR,LAETITIA GRÉGOI,LAETITIA GRÉGOIRE,1001,2,CG,CG
100018,ALEXGARCIA,ALEX GARCIA,ALEX GARCIA,2001,2,CG,CG
100019,MARYSE-FRÉ,MARYSE-FRÉDÉRIQ,MARYSE-FRÉDÉRIQUE OLLIVIER,1001,1,CG,CG
100020,ALEXRIBEIR,ALEX RIBEIRO,ALEX RIBEIRO,1001,3,CG,CG
100021,JEANNINELA,JEANNINE LAMBER,JEANNINE LAMBERT LE RENARD,1002,2,CG,CG
100022,THIERRYGAI,THIERRY GAILLAR,THIERRY GAILLARD-LENOIR,1002,3,CG,CG
100023,ZACHARIE-M,ZACHARIE-MARC L,ZACHARIE-MARC LEMAÎTRE,2001,3,CG,CG
100024,THIBAUT-MA,THIBAUT-MARCEL ,THIBAUT-MARCEL MAHE,1001,2,CG,CG
100025,THIERRYLEM,THIERRY LEMAÎTR,THIERRY LEMAÎTRE-CAMUS,2001,1,CG,CG
100026,HORTENSEPA,HORTENSE PAUL,HORTENSE PAUL,1002,2,CG,CG
100027,ALFREDNAVA,ALFRED NAVARRO,ALFRED NAVARRO,1001,2,CG,CG
100028,VALÉRIEGER,VALÉRIE GERMAIN,VALÉRIE GERMAIN,1001,1,CG,CG
100029,ALEXANDRIA,ALEXANDRIA DELO,ALEXANDRIA DELORME-PARIS,1002,3,CG,CG
100030,STÉPHANE-A,STÉPHANE-ANDRÉ ,STÉPHANE-ANDRÉ LEBRETON,2001,3,CG,CG
100031,MICHELBRUN,MICHEL BRUNEL,MICHEL BRUNEL,2001,2,CG,CG
100032,MARCELLECO,MARCEL LECOMTE-,MARCEL LECOMTE-SANCHEZ,1001,2,CG,CG
100033,GILLESLELE,GILLES LELEU,GILLES LELEU,1002,3,CG,CG
100034,JACQUELINE,JACQUELINE HUMB,JACQUELINE HUMBERT,2001,3,CG,CG
100035,MICHELLEDE,MICHELLE DE BRU,MICHELLE DE BRUN,2001,1,CG,CG
100036,ROBERTALBE,ROBERT ALBERT,ROBERT ALBERT,1001,3,CG,CG
100037,THOMASBESN,THOMAS BESNARD,THOMAS BESNARD,2001,1,CG,CG
100038,EUGÈNELAMB,EUGÈNE LAMBERT,EUGÈNE LAMBERT,1001,1,CG,CG
100039,JOSEPHDELA,JOSEPH DELATTRE,JOSEPH DELATTRE,1002,3,CG,CG
100040,HONORÉMART,HONORÉ MARTINEA,HONORÉ MARTINEAU LE BONNIN,1001,1,CG,CG
100041,DOROTHÉEBA,DOROTHÉE BARBIE,DOROTHÉE BARBIER,1002,1,CG,CG
100042,THÉRÈSELEG,THÉRÈSE LEGENDR,THÉRÈSE LEGENDRE LE BRUN,1002,3,CG,CG
100043,MARGOTMULL,MARGOT MULLER,MARGOT MULLER,2001,1,CG,CG
100044,GABRIELLE-,GABRIELLE-SUSAN,GABRIELLE-SUSANNE BOUSQUET,1001,2,CG,CG
100045,ALEX-OCÉAN,ALEX-OCÉANE KLE,ALEX-OCÉANE KLEIN,1001,3,CG,CG
100046,TRISTANROU,TRISTAN ROUSSEA,TRISTAN ROUSSEAU,1001,1,CG,CG
100047,EMMANUELSE,EMMANUEL SEGUIN,EMMANUEL SEGUIN,1002,3,CG,CG
100048,HENRIETTEM,HENRIETTE MAURY,HENRIETTE MAURY DE LE GALL,1002,1,CG,CG
100049,ÉLÉONORELA,ÉLÉONORE LACOMB,ÉLÉONORE LACOMBE,1002,3,CG,CG
100050,THÉODOREBA,THÉODORE BAZIN,THÉODORE BAZIN,2001,2,CG,CG
100051,ODETTEGUIL,ODETTE GUILBERT,ODETTE GUILBERT,1001,1,CG,CG
100052,FRANCKMARÉ,FRANCK MARÉCHAL,FRANCK MARÉCHAL,2001,1,CG,CG
100053,ÉLODIERIVI,ÉLODIE RIVIÈRE,ÉLODIE RIVIÈRE,1002,3,CG,CG
100054,XAVIERBOUV,XAVIER BOUVIER,XAVIER BOUVIER,1001,3,CG,CG
100055,OLIVIERDEA,OLIVIER DE AUBE,OLIVIER DE AUBERT,1002,1,CG,CG
100056,VICTORALBE,VICTOR ALBERT D,VICTOR ALBERT DE CHARRIER,1001,1,CG,CG
100057,ARTHURJACO,ARTHUR JACOB,ARTHUR JACOB,2001,2,CG,CG
100058,EMMANUELAN,EMMANUEL ANTOIN,EMMANUEL ANTOINE,2001,3,CG,CG
100059,SUSANNEMOR,SUSANNE MORENO,SUSANNE MORENO,2001,3,CG,CG
100060,JULIEDEPAS,JULIE DE PASCAL,JULIE DE PASCAL,1001,2,CG,CG
100061,MAURICEGUI,MAURICE GUICHAR,MAURICE GUICHARD-LAMY,2001,3,CG,CG
100062,NATHALIECO,NATHALIE COHEN,NATHALIE COHEN,2001,3,CG,CG
100063,LUCASDEOLI,LUCAS DE OLIVEI,LUCAS DE OLIVEIRA,1001,3,CG,CG
100064,EMMANUELLE,EMMANUELLE BLIN,EMMANUELLE BLIN,1002,3,CG,CG
100065,LÉONGUICHA,LÉON GUICHARD,LÉON GUICHARD,2001,1,CG,CG
100066,ÉTIENNEGOD,ÉTIENNE GODARD,ÉTIENNE GODARD,1002,1,CG,CG
100067,JULIETTELE,JULIETTE LEFORT,JULIETTE LEFORT,1002,3,CG,CG
100068,LUCBAILLY,LUC BAILLY,LUC BAILLY,1001,1,CG,CG
100069,RENÉAUBERT,RENÉ AUBERT,RENÉ AUBERT,1002,2,CG,CG
100070,MARIEFAIVR,MARIE FAIVRE,MARIE FAIVRE,1002,3,CG,CG
100071,MAURICEJEA,MAURICE JEAN,MAURICE JEAN,1002,3,CG,CG
100072,LOUISMORIN,LOUIS MORIN,LOUIS MORIN,2001,3,CG,CG
100073,HÉLÈNELEFE,HÉLÈNE LEFEBVRE,HÉLÈNE LEFEBVRE,1001,3,CG,CG
100074,CLAUDINEDU,CLAUDINE DUHAME,CLAUDINE DUHAMEL DE LELIÈVRE,2001,1,CG,CG
100075,GRÉGOIREMU,GRÉGOIRE MUNOZ,GRÉGOIRE MUNOZ,2001,3,CG,CG
100076,PAULINETOR,PAULINE TORRES,PAULINE TORRES,1002,3,CG,CG
100077,DOMINIQUED,DOMINIQUE DIJOU,DOMINIQUE DIJOUX,1002,2,CG,CG
100078,ARTHURVALE,ARTHUR VALENTIN,ARTHUR VALENTIN,1001,3,CG,CG
100079,MARCELROGE,MARCEL ROGER,MARCEL ROGER,1002,1,CG,CG
100080,HENRIMUNOZ,HENRI MUNOZ,HENRI MUNOZ,2001,1,CG,CG
100081,ALPHONSEMO,ALPHONSE MORIN,ALPHONSE MORIN,2001,2,CG,CG
100082,THÉOPHILEM,THÉOPHILE MONNI,THÉOPHILE MONNIER-FAIVRE,1002,2,CG,CG
100083,AUDREYLAIN,AUDREY LAINE-PI,AUDREY LAINE-PIERRE,1001,3,CG,CG
100084,OLIVIERDEN,OLIVIER DENIS D,OLIVIER DENIS DE LA BARBE,1002,1,CG,CG
100085,GILBERTRIV,GILBERT RIVIÈRE,GILBERT RIVIÈRE,1001,2,CG,CG
100086,ADRIEN-XAV,ADRIEN-XAVIER B,ADRIEN-XAVIER BERNARD,1001,2,CG,CG
100087,JÉRÔMEDUFO,JÉRÔME DUFOUR,JÉRÔME DUFOUR,1001,2,CG,CG
100088,THÉOPHILEM,THÉOPHILE MAILL,THÉOPHILE MAILLARD DU MACE,1001,3,CG,CG
100089,THIBAUTMAR,THIBAUT MARIN,THIBAUT MARIN,1001,2,CG,CG
100090,XAVIERLELI,XAVIER LELIÈVRE,XAVIER LELIÈVRE,2001,2,CG,CG
100091,ALIXDECOHE,ALIX DE COHEN,ALIX DE COHEN,1001,1,CG,CG
100092,OLIVIERDEL,OLIVIER DELMAS,OLIVIER DELMAS,1002,1,CG,CG
100093,BERTRANDJO,BERTRAND JOSEPH,BERTRAND JOSEPH,1001,3,CG,CG
100094,SUSANGIRAR,SUSAN GIRARD,SUSAN GIRARD,1002,3,CG,CG
100095,FRANCKPARE,FRANCK PARENT,FRANCK PARENT,1001,1,CG,CG
100096,OCÉANE-ANA,OCÉANE-ANASTASI,OCÉANE-ANASTASIE BUISSON,1002,2,CG,CG
100097,GUY-GÉRARD,GUY-GÉRARD LESA,GUY-GÉRARD LESAGE,1001,1,CG,CG
100098,MARIEKLEIN,MARIE KLEIN,MARIE KLEIN,2001,1,CG,CG
100099,ODETTECARL,ODETTE CARLIER,ODETTE CARLIER,1002,2,CG,CG
100100,JACQUESCOR,JACQUES CORDIER,JACQUES CORDIER LE PEREZ,2001,2,CG,CG
100101,THÉODORESI,THÉODORE SIMON-,THÉODORE SIMON-CHARPENTIER,1002,2,CG,CG
100102,THIBAUT-ZA,THIBAUT-ZACHARI,THIBAUT-ZACHARIE DIAZ,1002,3,CG,CG
100103,ROLANDAUGE,ROLAND AUGER,ROLAND AUGER,2001,1,CG,CG
100104,MARGAUXVAL,MARGAUX VALETTE,MARGAUX VALETTE,1001,1,CG,CG
100105,MARCBIGOT,MARC BIGOT,MARC BIGOT,1002,3,CG,CG
100106,LOUISEBLON,LOUISE BLONDEL,LOUISE BLONDEL,1002,3,CG,CG
100107,NATHWEISS,NATH WEISS,NATH WEISS,2001,2,CG,CG
100108,JEANBOULAN,JEAN BOULANGER,JEAN BOULANGER,1002,3,CG,CG
100109,MARGARETJO,MARGARET JOLY,MARGARET JOLY,1002,2,CG,CG
100110,XAVIERDEVA,XAVIER DEVAUX,XAVIER DEVAUX,1001,3,CG,CG
100111,JEANNEVEU-,JEAN NEVEU-LEGR,JEAN NEVEU-LEGRAND,1002,2,CG,CG
100112,LAURENTBER,LAURENT BERTIN,LAURENT BERTIN,2001,2,CG,CG
100113,MICHELLE-A,MICHELLE-AGNÈS ,MICHELLE-AGNÈS GUICHARD,1002,1,CG,CG
100114,PATRICIAGR,PATRICIA GRÉGOI,PATRICIA GRÉGOIRE,2001,3,CG,CG
100115,SUZANNEBOY,SUZANNE BOYER,SUZANNE BOYER,1002,2,CG,CG
100116,GILLESSCHN,GILLES SCHNEIDE,GILLES SCHNEIDER,2001,1,CG,CG
100117,DENIS-RICH,DENIS-RICHARD V,DENIS-RICHARD VERDIER,1002,2,CG,CG
100118,CAPUCINEJO,CAPUCINE JOURDA,CAPUCINE JOURDAN-ROBIN,1002,1,CG,CG
100119,ANTOINEDUV,ANTOINE DUVAL,ANTOINE DUVAL,1001,1,CG,CG
100120,HONORÉBRUN,HONORÉ BRUN,HONORÉ BRUN,1001,1,CG,CG
100121,CÉCILE-JEA,CÉCILE-JEANNINE,CÉCILE-JEANNINE LEDOUX,2001,2,CG,CG
100122,CONSTANCE-,CONSTANCE-MARCE,CONSTANCE-MARCELLE GEORGES,2001,2,CG,CG
100123,RÉMYDUPUY-,RÉMY DUPUY-WEIS,RÉMY DUPUY-WEISS,1001,3,CG,CG
100124,CORINNEMOR,CORINNE MORVAN,CORINNE MORVAN,2001,3,CG,CG
100125,ANOUKMUNOZ,ANOUK MUNOZ,ANOUK MUNOZ,1001,1,CG,CG
100126,CLÉMENCELE,CLÉMENCE LECONT,CLÉMENCE LECONTE,1002,3,CG,CG
100127,RÉMYBARRE,RÉMY BARRE,RÉMY BARRE,2001,2,CG,CG
100128,CLAUDEGAUT,CLAUDE GAUTIER,CLAUDE GAUTIER,1001,3,CG,CG
100129,CAROLINEAL,CAROLINE ALLAIN,CAROLINE ALLAIN,2001,1,CG,CG
100130,MARIEJACQU,MARIE JACQUET,MARIE JACQUET,2001,3,CG,CG
100131,STÉPHANEME,STÉPHANE MEUNIE,STÉPHANE MEUNIER,1002,2,CG,CG
100132,NOÉMI-ÉMIL,NOÉMI-ÉMILIE LE,NOÉMI-ÉMILIE LECONTE,2001,3,CG,CG
100133,CLAIRE-MAR,CLAIRE-MARGAUX ,CLAIRE-MARGAUX REGNIER,1001,3,CG,CG
100134,GABRIELLES,GABRIELLE SIMON,GABRIELLE SIMON,1002,1,CG,CG
100135,JULIENLEGR,JULIEN LEGROS-C,JULIEN LEGROS-CHARLES,2001,1,CG,CG
100136,ALPHONSELE,ALPHONSE LE FAB,ALPHONSE LE FABRE,1001,3,CG,CG
100137,AURÉLIEDUC,AURÉLIE DU CHAR,AURÉLIE DU CHARPENTIER,1002,3,CG,CG
100138,PATRICIAMA,PATRICIA MARIE,PATRICIA MARIE,1001,3,CG,CG
100139,ROBERTBERT,ROBERT BERTHELO,ROBERT BERTHELOT-TOUSSAINT,1001,3,CG,CG
100140,GENEVIÈVEP,GENEVIÈVE PIRES,GENEVIÈVE PIRES,1002,3,CG,CG
100141,ALAINRÉMYD,ALAIN RÉMY DU R,ALAIN RÉMY DU RODRIGUEZ,1002,3,CG,CG
100142,ISAAC-THÉO,ISAAC-THÉODORE ,ISAAC-THÉODORE GEORGES,1002,3,CG,CG
100143,THÉOPHILEB,THÉOPHILE BARRE,THÉOPHILE BARRE-LACROIX,2001,3,CG,CG
100144,HENRIETTEC,HENRIETTE COULO,HENRIETTE COULON,2001,1,CG,CG
100145,NOËL-MICHE,NOËL-MICHEL GOM,NOËL-MICHEL GOMEZ,1001,1,CG,CG
100146,JACQUESGUI,JACQUES GUILLAU,JACQUES GUILLAUME,1002,1,CG,CG
100147,HORTENSELO,HORTENSE LOPES,HORTENSE LOPES,1002,1,CG,CG
100148,ANTOINELÉV,ANTOINE LÉVY,ANTOINE LÉVY,1002,1,CG,CG
100149,GABRIELBRU,GABRIEL BRUN,GABRIEL BRUN,1001,1,CG,CG
100150,SUZANNEARN,SUZANNE ARNAUD,SUZANNE ARNAUD,1002,2,CG,CG
100151,ÉLÉONOREDU,ÉLÉONORE DU LEC,ÉLÉONORE DU LECOMTE,2001,3,CG,CG
100152,GENEVIÈVEB,GENEVIÈVE BAUDR,GENEVIÈVE BAUDRY-GILBERT,2001,3,CG,CG
100153,MAURICELEM,MAURICE LEMAÎTR,MAURICE LEMAÎTRE,2001,2,CG,CG
100154,JULESDEPAR,JULES DE PARIS,JULES DE PARIS,1001,1,CG,CG
100155,CÉCILEVERD,CÉCILE VERDIER-,CÉCILE VERDIER-SCHMITT,1002,3,CG,CG
100156,HUGUESPELT,HUGUES PELTIER,HUGUES PELTIER,1001,3,CG,CG
100157,MICHEL-PAT,MICHEL-PATRICK ,MICHEL-PATRICK DELANNOY,1002,1,CG,CG
100158,MARYSELARO,MARYSE LAROCHE,MARYSE LAROCHE,1001,2,CG,CG
100159,DOMINIQUED,DOMINIQUE DU JA,DOMINIQUE DU JACOB,2001,3,CG,CG
100160,ANNERAMOS-,ANNE RAMOS-SCHN,ANNE RAMOS-SCHNEIDER,1001,3,CG,CG
100161,CATHERINED,CATHERINE DU LE,CATHERINE DU LEROY,2001,1,CG,CG
100162,HORTENSEFA,HORTENSE FABRE,HORTENSE FABRE,2001,3,CG,CG
100163,MICHELLEBE,MICHELLE BESNAR,MICHELLE BESNARD,1001,3,CG,CG
100164,LUCIEDUROC,LUCIE DU ROCHER,LUCIE DU ROCHER,2001,3,CG,CG
100165,DENISELEGR,DENISE LEGRAND,DENISE LEGRAND,1001,1,CG,CG
100166,AGATHE-ADR,AGATHE-ADRIENNE,AGATHE-ADRIENNE BLANCHARD,1002,2,CG,CG
100167,FRANÇOISLE,FRANÇOIS LELIÈV,FRANÇOIS LELIÈVRE-PASQUIER,1002,2,CG,CG
100168,MARTHE-PAU,MARTHE-PAULINE ,MARTHE-PAULINE FABRE,1001,3,CG,CG
100169,SYLVIEMAIL,SYLVIE MAILLOT-,SYLVIE MAILLOT-BOUCHER,1001,1,CG,CG
100170,SÉBASTIEND,SÉBASTIEN DEVAU,SÉBASTIEN DEVAUX-HAMEL,1002,2,CG,CG
100171,HONORÉRAYM,HONORÉ RAYMOND,HONORÉ RAYMOND,1001,3,CG,CG
100172,MARTINEGRO,MARTINE GRONDIN,MARTINE GRONDIN,1001,3,CG,CG
100173,FRANCKLEFA,FRANCK LE FABRE,FRANCK LE FABRE,1002,3,CG,CG
100174,TIMOTHÉELE,TIMOTHÉE LELEU ,TIMOTHÉE LELEU LE SEGUIN,1001,1,CG,CG
100175,MICHELDUAR,MICHEL DU ARNAU,MICHEL DU ARNAUD,1001,2,CG,CG
100176,SUSANCARON,SUSAN CARON,SUSAN CARON,1001,2,CG,CG
100177,JOSÉPHINE-,JOSÉPHINE-NOÉMI,JOSÉPHINE-NOÉMI GUIBERT,1001,3,CG,CG
100178,ÉLÉONOREPA,ÉLÉONORE PAYET-,ÉLÉONORE PAYET-GILLES,1001,1,CG,CG
100179,MARINECLÉM,MARINE CLÉMENT ,MARINE CLÉMENT DE DESCAMPS,2001,3,CG,CG
100180,LUCDULAGAR,LUC DU LAGARDE,LUC DU LAGARDE,2001,2,CG,CG
100181,FRANÇOISJO,FRANÇOIS JOSEPH,FRANÇOIS JOSEPH,2001,2,CG,CG
100182,AGATHELEPA,AGATHE LE PAREN,AGATHE LE PARENT,1002,1,CG,CG
100183,AGNÈSLELAP,AGNÈS LE LAPORT,AGNÈS LE LAPORTE,1001,2,CG,CG
100184,VICTOR-JAC,VICTOR-JACQUES ,VICTOR-JACQUES RAYNAUD,1001,3,CG,CG
100185,DENISELECO,DENISE LECOMTE ,DENISE LECOMTE DU LEROY,2001,3,CG,CG
100186,HENRIBOUCH,HENRI BOUCHET,HENRI BOUCHET,2001,3,CG,CG
100187,NICOLASLES,NICOLAS LESAGE,NICOLAS LESAGE,1002,1,CG,CG
100188,DIANELÉGER,DIANE LÉGER,DIANE LÉGER,1002,1,CG,CG
100189,SOPHIERAYN,SOPHIE RAYNAUD,SOPHIE RAYNAUD,1001,1,CG,CG
100190,MARIE-DORO,MARIE-DOROTHÉE ,MARIE-DOROTHÉE RENAULT,1002,1,CG,CG
100191,DANIELMEUN,DANIEL MEUNIER,DANIEL MEUNIER,1002,2,CG,CG
100192,ALEXPOIRIE,ALEX POIRIER,ALEX POIRIER,1001,2,CG,CG
100193,ROLAND-OLI,ROLAND-OLIVIER ,ROLAND-OLIVIER GAUTHIER,2001,2,CG,CG
100194,SUSANALLAI,SUSAN ALLAIN,SUSAN ALLAIN,1002,1,CG,CG
100195,ÉLÉONORE-S,ÉLÉONORE-SABINE,ÉLÉONORE-SABINE DANIEL,2001,3,CG,CG
100196,LUCGUÉRIN,LUC GUÉRIN,LUC GUÉRIN,1001,1,CG,CG
100197,CHRISTOPHE,CHRISTOPHE BECK,CHRISTOPHE BECKER,1001,2,CG,CG
100198,PATRICIARA,PATRICIA RAYMON,PATRICIA RAYMOND-GUILLOU,1001,2,CG,CG
100199,BENJAMINLE,BENJAMIN LEGEND,BENJAMIN LEGENDRE,1001,1,CG,CG
100200,CHARLOTTER,CHARLOTTE RENAR,CHARLOTTE RENARD,2001,2,CG,CG
100201,MARGARETGR,MARGARET GRENIE,MARGARET GRENIER,1002,3,CG,CG
100202,MARGOT-NAT,MARGOT-NATH KLE,MARGOT-NATH KLEIN,1001,1,CG,CG
100203,ADÉLAÏDEDU,ADÉLAÏDE DUPUIS,ADÉLAÏDE DUPUIS-DURAND,1001,1,CG,CG
100204,DAVIDADAM,DAVID ADAM,DAVID ADAM,1002,1,CG,CG
100205,ARTHURDURE,ARTHUR DU REY,ARTHUR DU REY,1001,3,CG,CG
100206,MONIQUELEJ,MONIQUE LEJEUNE,MONIQUE LEJEUNE,1002,3,CG,CG
100207,XAVIERRUIZ,XAVIER RUIZ,XAVIER RUIZ,2001,3,CG,CG
100208,AIMÉHENRY,AIMÉ HENRY,AIMÉ HENRY,2001,1,CG,CG
100209,CHRISTOPHE,CHRISTOPHE-LAUR,CHRISTOPHE-LAURENT GEORGES,2001,2,CG,CG
100210,PIERREVALE,PIERRE VALETTE,PIERRE VALETTE,1002,2,CG,CG
100211,RÉMYDELAPI,RÉMY DE LA PICH,RÉMY DE LA PICHON,2001,3,CG,CG
100212,MARCMARTIN,MARC MARTINEZ D,MARC MARTINEZ DE LA MARTY,1002,2,CG,CG
100213,ZOÉRUIZ,ZOÉ RUIZ,ZOÉ RUIZ,1001,2,CG,CG
100214,HÉLÈNEOLIV,HÉLÈNE OLIVIER,HÉLÈNE OLIVIER,1001,1,CG,CG
100215,MARIEBOURG,MARIE BOURGEOIS,MARIE BOURGEOIS DE BARTHELEMY,1001,2,CG,CG
100216,RENÉELAMBE,RENÉE LAMBERT,RENÉE LAMBERT,1001,1,CG,CG
100217,ISABELLELA,ISABELLE LAMY D,ISABELLE LAMY DE LA PAYET,1001,3,CG,CG
100218,ALAINLEDOU,ALAIN LEDOUX,ALAIN LEDOUX,1002,3,CG,CG
100219,SUZANNEBEN,SUZANNE BENARD ,SUZANNE BENARD LE CARLIER,2001,1,CG,CG
100220,MARCELLEDE,MARCELLE DELANN,MARCELLE DELANNOY,2001,1,CG,CG
100221,WILLIAMMAI,WILLIAM MAILLAR,WILLIAM MAILLARD DU ALBERT,2001,1,CG,CG
100222,HENRIROBIN,HENRI ROBIN,HENRI ROBIN,1002,2,CG,CG
100223,MARIANNEDU,MARIANNE DU LOI,MARIANNE DU LOISEAU,2001,2,CG,CG
100224,DENISEÉTIE,DENISE ÉTIENNE,DENISE ÉTIENNE,1002,3,CG,CG
100225,AMÉLIEHENR,AMÉLIE HENRY,AMÉLIE HENRY,2001,2,CG,CG
100226,NOËLFERNAN,NOËL FERNANDES,NOËL FERNANDES,2001,2,CG,CG
100227,GILBERT-RO,GILBERT-ROGER P,GILBERT-ROGER PETITJEAN,2001,3,CG,CG
100228,ÉLISECOLLE,ÉLISE COLLET,ÉLISE COLLET,1002,1,CG,CG
100229,ANOUKCOLIN,ANOUK COLIN,ANOUK COLIN,2001,3,CG,CG
100230,ÉTIENNEMAR,ÉTIENNE MARIN,ÉTIENNE MARIN,2001,3,CG,CG
100231,NATHMARCHA,NATH MARCHAL,NATH MARCHAL,2001,2,CG,CG
100232,ROGERNORMA,ROGER NORMAND,ROGER NORMAND,1002,1,CG,CG
100233,JULIENBARB,JULIEN BARBE,JULIEN BARBE,2001,3,CG,CG
100234,ÉLODIEDELA,ÉLODIE DE LA GO,ÉLODIE DE LA GOMEZ,1002,3,CG,CG
100235,THOMASGEOR,THOMAS GEORGES ,THOMAS GEORGES DE MARIE,1002,2,CG,CG
100236,ÉDITHGILBE,ÉDITH GILBERT,ÉDITH GILBERT,1002,1,CG,CG
100237,GUILLAUMEL,GUILLAUME LAMBE,GUILLAUME LAMBERT,1001,3,CG,CG
100238,THÉODOREDE,THÉODORE DE ADA,THÉODORE DE ADAM,1001,3,CG,CG
100239,CONSTANCEP,CONSTANCE PIERR,CONSTANCE PIERRE-POTTIER,2001,2,CG,CG
100240,JÉRÔME-ANT,JÉRÔME-ANTOINE ,JÉRÔME-ANTOINE RENARD,1001,2,CG,CG
100241,GABRIELLE-,GABRIELLE-ZOÉ D,GABRIELLE-ZOÉ DIJOUX,1002,1,CG,CG
100242,SYLVIEPERO,SYLVIE PERON DE,SYLVIE PERON DE LA SALMON,1002,1,CG,CG
100243,HUGUESMAIL,HUGUES MAILLOT,HUGUES MAILLOT,1002,2,CG,CG
100244,GEORGESFON,GEORGES FONTAIN,GEORGES FONTAINE,1002,1,CG,CG
100245,PHILIPPINE,PHILIPPINE BOUT,PHILIPPINE BOUTIN,2001,1,CG,CG
100246,LOUISCARON,LOUIS CARON,LOUIS CARON,2001,1,CG,CG
100247,JULIENVERD,JULIEN VERDIER ,JULIEN VERDIER LE HEBERT,1001,2,CG,CG
100248,MARGAUXROY,MARGAUX ROY DE ,MARGAUX ROY DE NORMAND,1001,2,CG,CG
100249,VICTOIREME,VICTOIRE MEUNIE,VICTOIRE MEUNIER LE BODIN,2001,3,CG,CG
100250,JOSEPHDURO,JOSEPH DU ROCHE,JOSEPH DU ROCHER,2001,1,CG,CG
100251,JÉRÔMEPICH,JÉRÔME PICHON,JÉRÔME PICHON,2001,3,CG,CG
100252,RAYMONDDUT,RAYMOND DU TURP,RAYMOND DU TURPIN,1001,1,CG,CG
100253,CLÉMENCELÉ,CLÉMENCE LÉVÊQU,CLÉMENCE LÉVÊQUE,2001,2,CG,CG
100254,ÉMILE-ADRI,ÉMILE-ADRIEN PI,ÉMILE-ADRIEN PINTO,1002,3,CG,CG
100255,CÉCILELUCA,CÉCILE LUCAS,CÉCILE LUCAS,1002,3,CG,CG
100256,GEORGESLEJ,GEORGES LE JEAN,GEORGES LE JEAN,1001,2,CG,CG
100257,VALENTINEC,VALENTINE COSTE,VALENTINE COSTE,2001,2,CG,CG
100258,NATHALIELA,NATHALIE LACOMB,NATHALIE LACOMBE,1002,3,CG,CG
100259,TRISTANREY,TRISTAN REYNAUD,TRISTAN REYNAUD-LOPES,1002,1,CG,CG
100260,ANOUKTEIXE,ANOUK TEIXEIRA ,ANOUK TEIXEIRA DU JOSEPH,1001,1,CG,CG
100261,EUGÈNEDELA,EUGÈNE DE LA LE,EUGÈNE DE LA LEGENDRE,1002,3,CG,CG
100262,MARGOTDEPE,MARGOT DE PETIT,MARGOT DE PETIT,2001,3,CG,CG
100263,ZOÉFOUCHER,ZOÉ FOUCHER,ZOÉ FOUCHER,1001,1,CG,CG
100264,PÉNÉLOPE-A,PÉNÉLOPE-ADÈLE ,PÉNÉLOPE-ADÈLE VALETTE,1001,2,CG,CG
100265,LUCFERRAND,LUC FERRAND,LUC FERRAND,2001,2,CG,CG
100266,THIBAUTTUR,THIBAUT TURPIN,THIBAUT TURPIN,2001,3,CG,CG
100267,LUCYBLOT-G,LUCY BLOT-GAY,LUCY BLOT-GAY,2001,2,CG,CG
100268,PIERRELECO,PIERRE LE COSTA,PIERRE LE COSTA,1002,1,CG,CG
100269,AIMÉDEVAUX,AIMÉ DEVAUX-COL,AIMÉ DEVAUX-COLLET,1001,2,CG,CG
100270,HORTENSELE,HORTENSE LE VOI,HORTENSE LE VOISIN,1002,1,CG,CG
100271,MARCMARÉCH,MARC MARÉCHAL,MARC MARÉCHAL,1001,3,CG,CG
100272,GILBERTGAR,GILBERT GARCIA,GILBERT GARCIA,1002,1,CG,CG
100273,STÉPHANEGU,STÉPHANE GUIBER,STÉPHANE GUIBERT,2001,1,CG,CG
100274,ISAACLECOM,ISAAC LECOMTE,ISAAC LECOMTE,2001,2,CG,CG
100275,DANIELBLAN,DANIEL BLANC,DANIEL BLANC,2001,2,CG,CG
100276,WILLIAMFAI,WILLIAM FAIVRE,WILLIAM FAIVRE,2001,1,CG,CG
100277,ALPHONSERE,ALPHONSE RENARD,ALPHONSE RENARD,1002,3,CG,CG
100278,BERNADETTE,BERNADETTE VERD,BERNADETTE VERDIER,1002,1,CG,CG
100279,CÉCILECARR,CÉCILE CARRE DE,CÉCILE CARRE DE BOULAY,2001,1,CG,CG
100280,COLETTENOË,COLETTE NOËL,COLETTE NOËL,2001,1,CG,CG
100281,GÉRARDTOUS,GÉRARD TOUSSAIN,GÉRARD TOUSSAINT-TOUSSAINT,1001,2,CG,CG
100282,MARGAUDRAY,MARGAUD RAYNAUD,MARGAUD RAYNAUD DU DELORME,1001,2,CG,CG
100283,PIERREFAUR,PIERRE FAURE,PIERRE FAURE,1002,3,CG,CG
100284,TRISTANGRE,TRISTAN GRENIER,TRISTAN GRENIER-PINEAU,2001,2,CG,CG
100285,FRÉDÉRICDA,FRÉDÉRIC DA COS,FRÉDÉRIC DA COSTA DE LA ALBERT,2001,3,CG,CG
100286,TIMOTHÉE-T,TIMOTHÉE-THIBAU,TIMOTHÉE-THIBAULT BOUCHER,1002,3,CG,CG
100287,CHRISTINEB,CHRISTINE BOUCH,CHRISTINE BOUCHET,2001,2,CG,CG
100288,FRANCKRENA,FRANCK RENAULT,FRANCK RENAULT,1001,1,CG,CG
100289,VINCENTBRU,VINCENT BRUN,VINCENT BRUN,1001,1,CG,CG
100290,MONIQUEGRO,MONIQUE GRONDIN,MONIQUE GRONDIN-PONS,2001,1,CG,CG
100291,VICTORDEBO,VICTOR DE BOUCH,VICTOR DE BOUCHER,2001,1,CG,CG
100292,HONORÉGONC,HONORÉ GONCALVE,HONORÉ GONCALVES DU JOURDAN,1001,1,CG,CG
100293,GILLESPOUL,GILLES POULAIN-,GILLES POULAIN-RENARD,1002,2,CG,CG
100294,MONIQUEDEN,MONIQUE DENIS,MONIQUE DENIS,1001,2,CG,CG
100295,DAVIDLEGRA,DAVID LEGRAND,DAVID LEGRAND,2001,1,CG,CG
100296,MARGARETLA,MARGARET LACROI,MARGARET LACROIX,1002,2,CG,CG
100297,AIMÉBLANCH,AIMÉ BLANCHARD ,AIMÉ BLANCHARD LE PAGES,1002,1,CG,CG
100298,FRÉDÉRIQUE,FRÉDÉRIQUE LE G,FRÉDÉRIQUE LE GALL DU LEBRUN,1001,3,CG,CG
100299,EMMANUELLE,EMMANUELLE BOUL,EMMANUELLE BOULAY DU LEBRUN,1001,2,CG,CG
100300,MICHELLE-M,MICHELLE-MARGUE,MICHELLE-MARGUERITE AUGER,2001,2,CG,CG
100301,NOËLLERENA,NOËL LE RENARD,NOËL LE RENARD,1001,2,CG,CG
100302,RÉMYDELAGU,RÉMY DE LA GUIB,RÉMY DE LA GUIBERT,1001,2,CG,CG
100303,AGNÈS-DORO,AGNÈS-DOROTHÉE ,AGNÈS-DOROTHÉE TECHER,1002,3,CG,CG
100304,THIERRYBOU,THIERRY BOULAY ,THIERRY BOULAY DE LE ROUX,1001,2,CG,CG
100305,ROGERBARRE,ROGER BARRE,ROGER BARRE,1001,2,CG,CG
100306,YVESPIRES,YVES PIRES,YVES PIRES,2001,3,CG,CG
100307,NOËLPERRIE,NOËL PERRIER,NOËL PERRIER,1002,2,CG,CG
100308,VALENTINEA,VALENTINE ALLAI,VALENTINE ALLAIN,2001,2,CG,CG
100309,ALAIN-GÉRA,ALAIN-GÉRARD TE,ALAIN-GÉRARD TECHER,2001,1,CG,CG
100310,JOSEPHMICH,JOSEPH MICHAUD-,JOSEPH MICHAUD-GOMES,2001,3,CG,CG
100311,GRÉGOIREGE,GRÉGOIRE GERMAI,GRÉGOIRE GERMAIN,2001,1,CG,CG
100312,BRIGITTERE,BRIGITTE RENAUD,BRIGITTE RENAUD,1002,1,CG,CG
100313,BERNARDFIS,BERNARD FISCHER,BERNARD FISCHER,2001,3,CG,CG
100314,JULIENLAGA,JULIEN LAGARDE,JULIEN LAGARDE,2001,3,CG,CG
100315,LUCECHARTI,LUCE CHARTIER,LUCE CHARTIER,1002,3,CG,CG
100316,FRANÇOISEH,FRANÇOISE HEBER,FRANÇOISE HEBERT,2001,2,CG,CG
100317,LUCDELAGRE,LUC DE LA GRENI,LUC DE LA GRENIER,2001,3,CG,CG
100318,ADRIENRODR,ADRIEN RODRIGUE,ADRIEN RODRIGUEZ,2001,3,CG,CG
100319,CHANTALLAN,CHANTAL LANGLOI,CHANTAL LANGLOIS,1002,1,CG,CG
100320,JACQUESROY,JACQUES ROY,JACQUES ROY,1002,1,CG,CG
100321,LUCYBOUVIE,LUCY BOUVIER,LUCY BOUVIER,1001,1,CG,CG
100322,CHRISTOPHE,CHRISTOPHE BÈGU,CHRISTOPHE BÈGUE,1001,2,CG,CG
100323,BERNADETTE,BERNADETTE ROYE,BERNADETTE ROYER,1002,3,CG,CG
100324,DENISBOYER,DENIS BOYER,DENIS BOYER,1002,3,CG,CG
100325,PAULHOARAU,PAUL HOARAU,PAUL HOARAU,1001,1,CG,CG
100326,BENOÎTGONC,BENOÎT GONCALVE,BENOÎT GONCALVES,2001,3,CG,CG
100327,BERNARDBAU,BERNARD BAUDRY,BERNARD BAUDRY,1001,2,CG,CG
100328,MARGOTVINC,MARGOT VINCENT,MARGOT VINCENT,1002,2,CG,CG
100329,CHRISTINEH,CHRISTINE HERNA,CHRISTINE HERNANDEZ,1002,2,CG,CG
100330,MARINEPERE,MARINE PEREZ-GE,MARINE PEREZ-GEORGES,2001,1,CG,CG
100331,ADRIENLAMB,ADRIEN LAMBERT,ADRIEN LAMBERT,2001,3,CG,CG
100332,AMÉLIE-ANT,AMÉLIE-ANTOINET,AMÉLIE-ANTOINETTE DAVID,1002,2,CG,CG
100333,GRÉGOIRE-L,GRÉGOIRE-LAUREN,GRÉGOIRE-LAURENT LE ROUX,2001,1,CG,CG
100334,XAVIERBONN,XAVIER BONNIN,XAVIER BONNIN,1002,1,CG,CG
100335,YVESLEFÈVR,YVES LEFÈVRE,YVES LEFÈVRE,1001,3,CG,CG
100336,EMMANUELBA,EMMANUEL BARTHE,EMMANUEL BARTHELEMY,2001,3,CG,CG
100337,GUYCHAUVIN,GUY CHAUVIN,GUY CHAUVIN,1002,1,CG,CG
100338,GUILLAUMEC,GUILLAUME COHEN,GUILLAUME COHEN-BLOT,2001,1,CG,CG
100339,THÉOPHILEN,THÉOPHILE NOËL,THÉOPHILE NOËL,2001,3,CG,CG
100340,PATRICIA-L,PATRICIA-LUCE D,PATRICIA-LUCE DESCHAMPS,1001,1,CG,CG
100341,MAURICEVAL,MAURICE VALENTI,MAURICE VALENTIN,1002,3,CG,CG
100342,LAURENTMAR,LAURENT MARTINE,LAURENT MARTINEAU DE LECLERCQ,2001,3,CG,CG
100343,MARTINWAGN,MARTIN WAGNER D,MARTIN WAGNER DU ALEXANDRE,2001,1,CG,CG
100344,MICHELLEAL,MICHELLE ALLAIN,MICHELLE ALLAIN,1001,1,CG,CG
100345,HUGUESBAUD,HUGUES BAUDRY-L,HUGUES BAUDRY-LEGRAND,2001,2,CG,CG
100346,DIANEVALLE,DIANE VALLET,DIANE VALLET,1002,3,CG,CG
100347,TIMOTHÉELA,TIMOTHÉE LAINE ,TIMOTHÉE LAINE DE PARENT,1001,2,CG,CG
100348,SUSANDEVAU,SUSAN DEVAUX,SUSAN DEVAUX,1002,3,CG,CG
100349,CAPUCINELE,CAPUCINE LE BON,CAPUCINE LE BONNIN,1001,1,CG,CG
100350,MARCELLEMA,MARCELLE MASSON,MARCELLE MASSON,1001,2,CG,CG
100351,ALICEMARTI,ALICE MARTINEZ,ALICE MARTINEZ,2001,3,CG,CG
100352,JACQUESGUI,JACQUES GUIBERT,JACQUES GUIBERT,1001,1,CG,CG
100353,DIANELEROU,DIANE LE ROUX-S,DIANE LE ROUX-SALMON,2001,2,CG,CG
100354,SABINEDESO,SABINE DE SOUSA,SABINE DE SOUSA,1001,3,CG,CG
100355,NOËLCOSTE,NOËL COSTE,NOËL COSTE,1001,2,CG,CG
100356,FRANÇOISDE,FRANÇOIS DE VER,FRANÇOIS DE VERDIER,1001,3,CG,CG
100357,ÉDITH-LAET,ÉDITH-LAETITIA ,ÉDITH-LAETITIA MAURY,1002,2,CG,CG
100358,XAVIERNEVE,XAVIER NEVEU,XAVIER NEVEU,1002,1,CG,CG
100359,GUILLAUMES,GUILLAUME SIMON,GUILLAUME SIMON,2001,2,CG,CG
100360,MARYSE-LAE,MARYSE-LAETITIA,MARYSE-LAETITIA DOS SANTOS,1002,1,CG,CG
100361,ALFREDMAUR,ALFRED MAURICE,ALFRED MAURICE,2001,3,CG,CG
100362,ANDRÉIMBER,ANDRÉ IMBERT,ANDRÉ IMBERT,1001,3,CG,CG
100363,PAULETTELO,PAULETTE LOPEZ,PAULETTE LOPEZ,2001,2,CG,CG
100364,ADÈLEFAIVR,ADÈLE FAIVRE-RA,ADÈLE FAIVRE-RAMOS,1002,1,CG,CG
100365,FRANÇOISEG,FRANÇOISE GONZA,FRANÇOISE GONZALEZ,2001,2,CG,CG
100366,ÉMILE-ADRI,ÉMILE-ADRIEN FE,ÉMILE-ADRIEN FERRAND,1002,1,CG,CG
100367,JEANNEBERN,JEANNE BERNARD,JEANNE BERNARD,1002,3,CG,CG
100368,PATRICKROB,PATRICK ROBIN,PATRICK ROBIN,1001,3,CG,CG
100369,PATRICKMEY,PATRICK MEYER,PATRICK MEYER,1001,3,CG,CG
100370,BERNARDAND,BERNARD ANDRE,BERNARD ANDRE,1001,3,CG,CG
100371,YVESRODRIG,YVES RODRIGUES,YVES RODRIGUES,1002,3,CG,CG
100372,BERNADETTE,BERNADETTE PASC,BERNADETTE PASCAL,1002,1,CG,CG
100373,NATHALIEFO,NATHALIE FOUCHE,NATHALIE FOUCHER-ADAM,1001,2,CG,CG
100374,CLAIRE-ALI,CLAIRE-ALICE LO,CLAIRE-ALICE LOPEZ,1001,3,CG,CG
100375,ÉLISE-HORT,ÉLISE-HORTENSE ,ÉLISE-HORTENSE CHRÉTIEN,2001,3,CG,CG
100376,ALEXANDRED,ALEXANDRE DE BO,ALEXANDRE DE BOULAY,1001,2,CG,CG
100377,SABINEPELL,SABINE PELLETIE,SABINE PELLETIER,2001,3,CG,CG
100378,SÉBASTIENL,SÉBASTIEN LUCAS,SÉBASTIEN LUCAS,1002,3,CG,CG
100379,ÉLISABETH-,ÉLISABETH-MARIN,ÉLISABETH-MARINE GILLES,1002,2,CG,CG
100380,THÉOPHILED,THÉOPHILE DE LA,THÉOPHILE DE LA BLIN,1001,1,CG,CG
100381,LUCYDEMOUL,LUCY DE MOULIN,LUCY DE MOULIN,1002,2,CG,CG
100382,SOPHIELÉVÊ,SOPHIE LÉVÊQUE,SOPHIE LÉVÊQUE,1002,2,CG,CG
100383,DIANEFLEUR,DIANE FLEURY,DIANE FLEURY,2001,3,CG,CG
100384,ROBERTBLAN,ROBERT BLANCHAR,ROBERT BLANCHARD,1002,3,CG,CG
100385,CHRISTOPHE,CHRISTOPHE HOAR,CHRISTOPHE HOAREAU,2001,3,CG,CG
100386,DIANEBONNE,DIANE BONNEAU,DIANE BONNEAU,2001,3,CG,CG
100387,MATHILDEBE,MATHILDE BERNIE,MATHILDE BERNIER,1002,3,CG,CG
100388,WILLIAMPER,WILLIAM PERRIER,WILLIAM PERRIER,1002,3,CG,CG
100389,BRIGITTEHA,BRIGITTE HAMON,BRIGITTE HAMON,2001,1,CG,CG
100390,THOMASDUVA,THOMAS DUVAL DU,THOMAS DUVAL DU HENRY,2001,2,CG,CG
100391,PATRICIABU,PATRICIA BUISSO,PATRICIA BUISSON,2001,2,CG,CG
100392,CÉCILE-HOR,CÉCILE-HORTENSE,CÉCILE-HORTENSE FERNANDES,1001,2,CG,CG
100393,JULESLEGAL,JULES LE GALL D,JULES LE GALL DE ROCHER,1001,1,CG,CG
100394,LUCYLEGEND,LUCY LEGENDRE,LUCY LEGENDRE,2001,3,CG,CG
100395,ALIX-MARGA,ALIX-MARGAUD LE,ALIX-MARGAUD LEDOUX,1001,2,CG,CG
100396,MICHÈLECOS,MICHÈLE COSTA-L,MICHÈLE COSTA-LAMBERT,1002,3,CG,CG
100397,AMÉLIELABB,AMÉLIE LABBÉ,AMÉLIE LABBÉ,1001,3,CG,CG
100398,MARIETORRE,MARIE TORRES LE,MARIE TORRES LE NORMAND,2001,2,CG,CG
100399,GUILLAUMET,GUILLAUME THIER,GUILLAUME THIERRY,1001,3,CG,CG
100400,RÉMYDULOPE,RÉMY DU LOPEZ,RÉMY DU LOPEZ,1002,1,CG,CG
100401,AURÉLIE-MA,AURÉLIE-MARGOT ,AURÉLIE-MARGOT BOUCHER,2001,1,CG,CG
100402,JULIENLENO,JULIEN LENOIR D,JULIEN LENOIR DU BESSON,1001,2,CG,CG
100403,FRANCKPINT,FRANCK PINTO-LE,FRANCK PINTO-LECONTE,1002,2,CG,CG
100404,JOSEPHGALL,JOSEPH GALLET,JOSEPH GALLET,1001,1,CG,CG
100405,MADELEINEG,MADELEINE GIRAU,MADELEINE GIRAUD,1002,2,CG,CG
100406,ALPHONSELE,ALPHONSE LEDOUX,ALPHONSE LEDOUX,1002,3,CG,CG
100407,DANIELDIDI,DANIEL DIDIER,DANIEL DIDIER,1001,2,CG,CG
100408,GILLESCHAR,GILLES CHARPENT,GILLES CHARPENTIER-PIERRE,2001,3,CG,CG
100409,HENRIETTEM,HENRIETTE MONNI,HENRIETTE MONNIER,1001,1,CG,CG
100410,LAURENTDES,LAURENT DESCAMP,LAURENT DESCAMPS,1001,3,CG,CG
100411,DAVIDBERTI,DAVID BERTIN,DAVID BERTIN,2001,1,CG,CG
100412,THOMASGAY,THOMAS GAY,THOMAS GAY,1002,1,CG,CG
100413,ÉTIENNELER,ÉTIENNE LEROY,ÉTIENNE LEROY,2001,3,CG,CG
100414,MARCELROUS,MARCEL ROUSSET,MARCEL ROUSSET,1001,3,CG,CG
100415,BERNARDTEX,BERNARD TEXIER,BERNARD TEXIER,2001,3,CG,CG
100416,ÉTIENNEWAG,ÉTIENNE WAGNER,ÉTIENNE WAGNER,2001,2,CG,CG
100417,CHANTALLAU,CHANTAL LAUNAY,CHANTAL LAUNAY,1001,3,CG,CG
100418,ADRIENNECO,ADRIENNE COUSIN,ADRIENNE COUSIN,1001,2,CG,CG
100419,BERNARDGIR,BERNARD GIRAUD,BERNARD GIRAUD,1002,3,CG,CG
100420,LOUISEBERT,LOUISE BERTHELO,LOUISE BERTHELOT,2001,2,CG,CG
100421,PAULPOTIER,PAUL POTIER DE ,PAUL POTIER DE LABBÉ,2001,2,CG,CG
100422,MARIEPERRI,MARIE PERRIER,MARIE PERRIER,1002,3,CG,CG
100423,ANTOINETTE,ANTOINETTE LERO,ANTOINETTE LEROY,1002,2,CG,CG
100424,CAMILLEBAR,CAMILLE BARTHEL,CAMILLE BARTHELEMY,2001,1,CG,CG
100425,BERNARDFER,BERNARD FERNAND,BERNARD FERNANDES DE LEBRETON,1002,2,CG,CG
100426,ÉLÉONOREVI,ÉLÉONORE VIDAL,ÉLÉONORE VIDAL,1002,2,CG,CG
100427,BERNADETTE,BERNADETTE OLIV,BERNADETTE OLIVIER,2001,2,CG,CG
100428,BENJAMIN-S,BENJAMIN-SÉBAST,BENJAMIN-SÉBASTIEN SAMSON,1002,1,CG,CG
100429,SIMONE-DAN,SIMONE-DANIELLE,SIMONE-DANIELLE PERRIN,2001,1,CG,CG
100430,WILLIAM-FR,WILLIAM-FRÉDÉRI,WILLIAM-FRÉDÉRIC GRENIER,2001,3,CG,CG
100431,AURÉLIEGIL,AURÉLIE GILLES,AURÉLIE GILLES,2001,3,CG,CG
100432,RENÉROBERT,RENÉ ROBERT,RENÉ ROBERT,1002,1,CG,CG
100433,JOSEPHLEMA,JOSEPH LEMAIRE,JOSEPH LEMAIRE,1001,2,CG,CG
100434,MATTHIEUPI,MATTHIEU PICARD,MATTHIEU PICARD,2001,1,CG,CG
100435,MANONMORVA,MANON MORVAN,MANON MORVAN,1001,1,CG,CG
100436,ADRIENDIDI,ADRIEN DIDIER,ADRIEN DIDIER,2001,1,CG,CG
100437,BERTRANDCH,BERTRAND CHAUVE,BERTRAND CHAUVEAU-MARY,1001,3,CG,CG
100438,NOËLBOUVIE,NOËL BOUVIER,NOËL BOUVIER,1002,3,CG,CG
100439,LUCMULLER,LUC MULLER,LUC MULLER,1002,3,CG,CG
100440,HÉLÈNEGEOR,HÉLÈNE GEORGES,HÉLÈNE GEORGES,1002,2,CG,CG
100441,ANTOINETTE,ANTOINETTE-EMMA,ANTOINETTE-EMMANUELLE GODARD,1002,2,CG,CG
100442,ZACHARIEBA,ZACHARIE BAUDRY,ZACHARIE BAUDRY,1001,1,CG,CG
100443,AMÉLIEMACE,AMÉLIE MACE,AMÉLIE MACE,1001,3,CG,CG
100444,ADRIENNEAL,ADRIENNE ALLAIN,ADRIENNE ALLAIN,1001,1,CG,CG
100445,VINCENTPAS,VINCENT PASCAL,VINCENT PASCAL,2001,2,CG,CG
100446,SOPHIEBONN,SOPHIE BONNIN,SOPHIE BONNIN,2001,1,CG,CG
100447,THIBAUTBEN,THIBAUT BENARD,THIBAUT BENARD,1002,1,CG,CG
100448,THÉOPHILEB,THÉOPHILE BÈGUE,THÉOPHILE BÈGUE,1002,1,CG,CG
100449,VINCENTGRÉ,VINCENT GRÉGOIR,VINCENT GRÉGOIRE,2001,2,CG,CG
100450,MARCELGUIC,MARCEL GUICHARD,MARCEL GUICHARD-BUISSON,1002,3,CG,CG
100451,JACQUELINE,JACQUELINE REGN,JACQUELINE REGNIER,1001,1,CG,CG
100452,CHRISTIANE,CHRISTIANE JOUB,CHRISTIANE JOUBERT,1002,1,CG,CG
100453,ASTRIDRODR,ASTRID RODRIGUE,ASTRID RODRIGUEZ,1001,3,CG,CG
100454,RÉMYLEMASS,RÉMY LE MASSON,RÉMY LE MASSON,1002,2,CG,CG
100455,GÉRARDCHAU,GÉRARD CHAUVEAU,GÉRARD CHAUVEAU DU REYNAUD,1001,3,CG,CG
100456,MICHELFLEU,MICHEL FLEURY-C,MICHEL FLEURY-CHARTIER,2001,1,CG,CG
100457,LUCASDELUC,LUCAS DE LUCAS,LUCAS DE LUCAS,1001,3,CG,CG
100458,RENÉMAHE,RENÉ MAHE,RENÉ MAHE,2001,1,CG,CG
100459,ALEXANDREL,ALEXANDRE LAURE,ALEXANDRE LAURENT-PERROT,1002,3,CG,CG
100460,LOUISLEFÈV,LOUIS LEFÈVRE L,LOUIS LEFÈVRE LE DIAZ,1001,2,CG,CG
100461,MARIEMARQU,MARIE MARQUES,MARIE MARQUES,1001,1,CG,CG
100462,ADRIENNELE,ADRIENNE LEFEBV,ADRIENNE LEFEBVRE,1001,2,CG,CG
100463,TRISTANLEB,TRISTAN LEBON L,TRISTAN LEBON LE VIDAL,1001,2,CG,CG
100464,JÉRÔME-AIM,JÉRÔME-AIMÉ SEG,JÉRÔME-AIMÉ SEGUIN,1001,3,CG,CG
100465,ZACHARIEBE,ZACHARIE BECKER,ZACHARIE BECKER,1001,3,CG,CG
100466,BENJAMINGO,BENJAMIN GOSSEL,BENJAMIN GOSSELIN DE LÉVÊQUE,1002,3,CG,CG
100467,LAURENTROB,LAURENT ROBERT,LAURENT ROBERT,2001,2,CG,CG
100468,LAURENCEAU,LAURENCE AUBRY,LAURENCE AUBRY,2001,2,CG,CG
100469,JÉRÔMEHUET,JÉRÔME HUET,JÉRÔME HUET,2001,2,CG,CG
100470,AMÉLIEGUIL,AMÉLIE GUILLOU,AMÉLIE GUILLOU,1002,2,CG,CG
100471,CONSTANCED,CONSTANCE DE LA,CONSTANCE DE LA BARON,2001,1,CG,CG
100472,ALIXBOULAN,ALIX BOULANGER,ALIX BOULANGER,2001,3,CG,CG
100473,DANIELWAGN,DANIEL WAGNER,DANIEL WAGNER,1001,3,CG,CG
100474,SÉBASTIEND,SÉBASTIEN DE SO,SÉBASTIEN DE SOUSA,1002,2,CG,CG
100475,SÉBASTIENT,SÉBASTIEN THIER,SÉBASTIEN THIERRY-MARTY,1002,3,CG,CG
100476,NATHALIEMO,NATHALIE MORENO,NATHALIE MORENO-LEMAÎTRE,1002,3,CG,CG
100477,ADRIENSANC,ADRIEN SANCHEZ,ADRIEN SANCHEZ,1002,2,CG,CG
100478,JEANLEBRET,JEAN LEBRETON,JEAN LEBRETON,1002,3,CG,CG
100479,CORINNEGAY,CORINNE GAY-HOA,CORINNE GAY-HOAREAU,1001,3,CG,CG
100480,ZOÉ-COLETT,ZOÉ-COLETTE LOU,ZOÉ-COLETTE LOUIS,1002,1,CG,CG
100481,JOSETTELEN,JOSETTE LENOIR,JOSETTE LENOIR,1002,1,CG,CG
100482,AGNÈSCARON,AGNÈS CARON DE ,AGNÈS CARON DE FAIVRE,1002,2,CG,CG
100483,CHRISTIANE,CHRISTIANE MAIL,CHRISTIANE MAILLOT,1001,1,CG,CG
100484,MARIANNERO,MARIANNE ROUX,MARIANNE ROUX,1001,3,CG,CG
100485,GÉRARDMORE,GÉRARD MORENO,GÉRARD MORENO,2001,3,CG,CG
100486,NICOLASANT,NICOLAS ANTOINE,NICOLAS ANTOINE,1002,2,CG,CG
100487,ISABELLELÉ,ISABELLE LÉGER,ISABELLE LÉGER,2001,2,CG,CG
100488,BERTRANDMO,BERTRAND MORENO,BERTRAND MORENO,1002,2,CG,CG
100489,MICHÈLECAR,MICHÈLE CARPENT,MICHÈLE CARPENTIER,2001,1,CG,CG
100490,PAULPONS,PAUL PONS,PAUL PONS,2001,2,CG,CG
100491,JEANBARBE,JEAN BARBE,JEAN BARBE,1001,3,CG,CG
100492,THIBAUTMIC,THIBAUT MICHAUD,THIBAUT MICHAUD,2001,3,CG,CG
100493,FRANCKBRUN,FRANCK BRUNEAU,FRANCK BRUNEAU,1001,1,CG,CG
100494,BERNARDPIN,BERNARD PINTO,BERNARD PINTO,1002,2,CG,CG
100495,JACQUESALL,JACQUES ALLAIN-,JACQUES ALLAIN-GOMES,1002,1,CG,CG
100496,JULESGROND,JULES GRONDIN-G,JULES GRONDIN-GUILBERT,1002,1,CG,CG
100497,ALIXLAMBER,ALIX LAMBERT,ALIX LAMBERT,2001,1,CG,CG
100498,BERNARD-ÉD,BERNARD-ÉDOUARD,BERNARD-ÉDOUARD GIRAUD,1002,3,CG,CG
100499,INÈSVALENT,INÈS VALENTIN,INÈS VALENTIN,2001,1,CG,CG
100500,GUILLAUMER,GUILLAUME RICHA,GUILLAUME RICHARD,2001,1,CG,CG
100501,BERNARDNEV,BERNARD NEVEU,BERNARD NEVEU,1001,3,CG,CG
100502,LAETITIAHE,LAETITIA HERNAN,LAETITIA HERNANDEZ,1001,1,CG,CG
100503,JULESCOSTE,JULES COSTE,JULES COSTE,1002,1,CG,CG
100504,LAURENTBÈG,LAURENT BÈGUE,LAURENT BÈGUE,1001,2,CG,CG
100505,AUGUSTINDI,AUGUSTIN DIJOUX,AUGUSTIN DIJOUX-CHAUVEAU,2001,1,CG,CG
100506,CAMILLEBRI,CAMILLE BRIAND,CAMILLE BRIAND,1001,3,CG,CG
100507,LUCIEMERCI,LUCIE MERCIER,LUCIE MERCIER,1001,1,CG,CG
100508,JOSEPHBAUD,JOSEPH BAUDRY,JOSEPH BAUDRY,1002,3,CG,CG
100509,ANAÏSDANIE,ANAÏS DANIEL,ANAÏS DANIEL,2001,3,CG,CG
100510,PAULPOIRIE,PAUL POIRIER-DE,PAUL POIRIER-DE SOUSA,1002,2,CG,CG
100511,INÈSFOURNI,INÈS FOURNIER,INÈS FOURNIER,2001,1,CG,CG
100512,DANIELLACR,DANIEL LACROIX,DANIEL LACROIX,2001,1,CG,CG
100513,ALFRED-ALE,ALFRED-ALEXANDR,ALFRED-ALEXANDRE PONS,2001,3,CG,CG
100514,ROBERTBARB,ROBERT BARBE,ROBERT BARBE,1002,1,CG,CG
100515,BRIGITTEDE,BRIGITTE DE LA ,BRIGITTE DE LA COLLET,1002,2,CG,CG
100516,MARGOTDANI,MARGOT DANIEL,MARGOT DANIEL,1002,2,CG,CG
100517,ÉLÉONOREPR,ÉLÉONORE PRUVOS,ÉLÉONORE PRUVOST LE VAILLANT,1002,1,CG,CG
100518,ROBERTLECO,ROBERT LECOMTE,ROBERT LECOMTE,1001,2,CG,CG
100519,PHILIPPEBA,PHILIPPE BARBIE,PHILIPPE BARBIER,2001,1,CG,CG
100520,WILLIAMDUC,WILLIAM DU CLER,WILLIAM DU CLERC,2001,3,CG,CG
100521,MARGAUXSAU,MARGAUX SAUVAGE,MARGAUX SAUVAGE-NORMAND,1002,1,CG,CG
100522,MARTINPERE,MARTIN PEREIRA,MARTIN PEREIRA,1002,1,CG,CG
100523,GUYGROS,GUY GROS,GUY GROS,2001,3,CG,CG
100524,FRÉDÉRIQUE,FRÉDÉRIQUE RÉMY,FRÉDÉRIQUE RÉMY,2001,2,CG,CG
100525,ADRIENNEPE,ADRIENNE PEREIR,ADRIENNE PEREIRA,1001,1,CG,CG
100526,BENJAMINPE,BENJAMIN PERROT,BENJAMIN PERROT,2001,1,CG,CG
100527,BERNARDFAI,BERNARD FAIVRE ,BERNARD FAIVRE DU ROYER,1002,1,CG,CG
100528,JULIENDELA,JULIEN DE LA BO,JULIEN DE LA BOULANGER,1001,3,CG,CG
100529,MARCELLE-T,MARCELLE-THÉRÈS,MARCELLE-THÉRÈSE GAUTIER,1002,1,CG,CG
100530,GRÉGOIRESA,GRÉGOIRE SANCHE,GRÉGOIRE SANCHEZ,2001,2,CG,CG
100531,ADRIENDOSS,ADRIEN DOS SANT,ADRIEN DOS SANTOS,1002,1,CG,CG
100532,FRANÇOISGO,FRANÇOIS GONZAL,FRANÇOIS GONZALEZ,1001,1,CG,CG
100533,JEANNINEME,JEANNINE MEYER,JEANNINE MEYER,1002,3,CG,CG
100534,LAURENTGAI,LAURENT GAILLAR,LAURENT GAILLARD,1002,2,CG,CG
100535,BERNADETTE,BERNADETTE OLLI,BERNADETTE OLLIVIER,1001,2,CG,CG
100536,NICOLEBRIA,NICOLE BRIAND-A,NICOLE BRIAND-ALBERT,1002,1,CG,CG
100537,DANIELLETU,DANIELLE TURPIN,DANIELLE TURPIN,1001,2,CG,CG
100538,ADÈLE-CONS,ADÈLE-CONSTANCE,ADÈLE-CONSTANCE NICOLAS,2001,3,CG,CG
100539,SUSANNEMAS,SUSANNE MASSON ,SUSANNE MASSON LE BÈGUE,2001,3,CG,CG
100540,PIERRELEGE,PIERRE LEGENDRE,PIERRE LEGENDRE,2001,1,CG,CG
100541,DIANEMOREL,DIANE MOREL,DIANE MOREL,2001,3,CG,CG
100542,MARTINBAIL,MARTIN BAILLY,MARTIN BAILLY,1001,3,CG,CG
100543,STÉPHANECO,STÉPHANE COSTA ,STÉPHANE COSTA LE LAUNAY,1002,2,CG,CG
100544,RAYMONDMAR,RAYMOND MARÉCHA,RAYMOND MARÉCHAL-COSTE,1002,3,CG,CG
100545,LUCMOREAU,LUC MOREAU,LUC MOREAU,1001,1,CG,CG
100546,TIMOTHÉELA,TIMOTHÉE LANGLO,TIMOTHÉE LANGLOIS,2001,1,CG,CG
100547,ALPHONSELE,ALPHONSE LECLER,ALPHONSE LECLERC,1002,1,CG,CG
100548,JACQUESCAR,JACQUES CARRE-P,JACQUES CARRE-POTTIER,1001,3,CG,CG
100549,LUCTOUSSAI,LUC TOUSSAINT,LUC TOUSSAINT,1001,2,CG,CG
100550,GABRIELDUD,GABRIEL DU DUPO,GABRIEL DU DUPONT,2001,2,CG,CG
100551,CÉCILEGÉRA,CÉCILE GÉRARD D,CÉCILE GÉRARD DE RAYMOND,1001,1,CG,CG
100552,DENISERIBE,DENISE RIBEIRO,DENISE RIBEIRO,2001,2,CG,CG
100553,ANTOINETTE,ANTOINETTE PERR,ANTOINETTE PERROT,1002,2,CG,CG
100554,DANIELLEMA,DANIELLE MARTIN,DANIELLE MARTINS DU MAILLOT,2001,2,CG,CG
100555,VICTORGUIL,VICTOR GUILLOT,VICTOR GUILLOT,1001,1,CG,CG
100556,THIBAUTKLE,THIBAUT KLEIN,THIBAUT KLEIN,1001,1,CG,CG
100557,CHRISTINEL,CHRISTINE LAROC,CHRISTINE LAROCHE,1001,2,CG,CG
100558,MARTINE-VA,MARTINE-VALÉRIE,MARTINE-VALÉRIE VALLÉE,1002,2,CG,CG
100559,ÉMILEDIALL,ÉMILE DIALLO,ÉMILE DIALLO,1002,3,CG,CG
100560,DENISMASSO,DENIS MASSON,DENIS MASSON,1001,1,CG,CG
100561,MATTHIEUBR,MATTHIEU BRUNEL,MATTHIEU BRUNEL,1002,3,CG,CG
100562,VALÉRIECAR,VALÉRIE CARON,VALÉRIE CARON,2001,1,CG,CG
100563,ÉDOUARDLAM,ÉDOUARD LAMBERT,ÉDOUARD LAMBERT,1002,3,CG,CG
100564,STÉPHANEVA,STÉPHANE VALLÉE,STÉPHANE VALLÉE,1001,3,CG,CG
100565,GILBERTJAC,GILBERT JACOB-M,GILBERT JACOB-MARCHAL,1001,1,CG,CG
100566,ROGERROCHE,ROGER ROCHER,ROGER ROCHER,2001,2,CG,CG
100567,VINCENTDEP,VINCENT DE POTI,VINCENT DE POTIER,2001,1,CG,CG
100568,MICHELROUS,MICHEL ROUSSEAU,MICHEL ROUSSEAU,1002,2,CG,CG
100569,DANIELLEGE,DANIELLE GERMAI,DANIELLE GERMAIN-LOMBARD,2001,1,CG,CG
100570,THÉRÈSEDUV,THÉRÈSE DUVAL,THÉRÈSE DUVAL,1002,1,CG,CG
100571,MICHELGARC,MICHEL GARCIA,MICHEL GARCIA,1001,3,CG,CG
100572,AGATHELEMO,AGATHE LEMOINE,AGATHE LEMOINE,1001,2,CG,CG
100573,MARTINEBRU,MARTINE BRUNEAU,MARTINE BRUNEAU,1002,2,CG,CG
100574,STÉPHANELE,STÉPHANE LECLER,STÉPHANE LECLERCQ,1001,3,CG,CG
100575,ALEXANDREM,ALEXANDRE MEYER,ALEXANDRE MEYER,2001,2,CG,CG
100576,PAULINE-SA,PAULINE-SABINE ,PAULINE-SABINE MAURICE,2001,1,CG,CG
100577,MARCELLEFA,MARCELLE FAIVRE,MARCELLE FAIVRE,2001,2,CG,CG
100578,JACQUESCAR,JACQUES CARPENT,JACQUES CARPENTIER DU ALLARD,2001,1,CG,CG
100579,BERNADETTE,BERNADETTE-NATH,BERNADETTE-NATH MENARD,1001,1,CG,CG
100580,MAURICEREN,MAURICE RENARD,MAURICE RENARD,1002,3,CG,CG
100581,CONSTANCEL,CONSTANCE LECOM,CONSTANCE LECOMTE,2001,1,CG,CG
100582,PATRICKDES,PATRICK DESCAMP,PATRICK DESCAMPS,1002,2,CG,CG
100583,NATHLEMERC,NATH LE MERCIER,NATH LE MERCIER,2001,2,CG,CG
100584,VINCENTSCH,VINCENT SCHNEID,VINCENT SCHNEIDER,1001,2,CG,CG
100585,ROBERTBENA,ROBERT BENARD,ROBERT BENARD,2001,3,CG,CG
100586,ÉDITHDIDIE,ÉDITH DIDIER DE,ÉDITH DIDIER DE LA DUPONT,2001,1,CG,CG
100587,GABRIELPAS,GABRIEL PASQUIE,GABRIEL PASQUIER,1002,3,CG,CG
100588,CHARLESTRA,CHARLES TRAORE,CHARLES TRAORE,1002,3,CG,CG
100589,FRANCKDUGE,FRANCK DU GEORG,FRANCK DU GEORGES,1002,3,CG,CG
100590,ÉDOUARDBOY,ÉDOUARD BOYER,ÉDOUARD BOYER,1002,1,CG,CG
100591,ISAACLEGRO,ISAAC LEGROS,ISAAC LEGROS,2001,3,CG,CG
100592,JEANALBERT,JEAN ALBERT,JEAN ALBERT,2001,2,CG,CG
100593,THIBAUTDEB,THIBAUT DE BOUC,THIBAUT DE BOUCHET,1002,2,CG,CG
100594,LAUREMERLE,LAURE MERLE-FOU,LAURE MERLE-FOUCHER,1001,2,CG,CG
100595,GENEVIÈVEB,GENEVIÈVE BOULA,GENEVIÈVE BOULANGER,2001,1,CG,CG
100596,EUGÈNEBESN,EUGÈNE BESNARD,EUGÈNE BESNARD,2001,3,CG,CG
100597,ZOÉDELARIB,ZOÉ DE LA RIBEI,ZOÉ DE LA RIBEIRO,1002,2,CG,CG
100598,GEORGESTEC,GEORGES TECHER ,GEORGES TECHER DE LA COLLIN,2001,3,CG,CG
100599,ROLANDLOMB,ROLAND LOMBARD,ROLAND LOMBARD,1001,3,CG,CG
100600,MARTIN-ÉTI,MARTIN-ÉTIENNE ,MARTIN-ÉTIENNE BERTHELOT,1001,3,CG,CG
100601,ASTRIDMULL,ASTRID MULLER,ASTRID MULLER,1002,1,CG,CG
100602,MARINELEGR,MARINE LEGROS,MARINE LEGROS,1001,2,CG,CG
100603,BERNARD-RE,BERNARD-RENÉ DE,BERNARD-RENÉ DELAUNAY,2001,3,CG,CG
100604,AURÉLIEARN,AURÉLIE ARNAUD-,AURÉLIE ARNAUD-GAUDIN,1001,1,CG,CG
100605,LAURENCEBR,LAURENCE BRIAND,LAURENCE BRIAND DE LA NICOLAS,2001,3,CG,CG
100606,GEORGESFLE,GEORGES FLEURY,GEORGES FLEURY,1002,2,CG,CG
100607,MARCGRENIE,MARC GRENIER,MARC GRENIER,1001,2,CG,CG
100608,CHARLESBON,CHARLES BONNEAU,CHARLES BONNEAU,2001,1,CG,CG
100609,DANIELGILL,DANIEL GILLET,DANIEL GILLET,1002,2,CG,CG
100610,ALPHONSEGU,ALPHONSE GUILLO,ALPHONSE GUILLOU,1002,1,CG,CG
100611,DANIELLEGR,DANIELLE GRENIE,DANIELLE GRENIER,1002,3,CG,CG
100612,MARYSE-DOM,MARYSE-DOMINIQU,MARYSE-DOMINIQUE PAUL,1001,2,CG,CG
100613,ISAACPOTIE,ISAAC POTIER,ISAAC POTIER,2001,2,CG,CG
100614,ZACHARIEMA,ZACHARIE MARTIN,ZACHARIE MARTINS-CLERC,1001,3,CG,CG
100615,VALÉRIEDUB,VALÉRIE DUBOIS,VALÉRIE DUBOIS,1002,2,CG,CG
100616,PAULETTEHO,PAULETTE HOAREA,PAULETTE HOAREAU,1002,2,CG,CG
100617,INÈSSCHMIT,INÈS SCHMITT,INÈS SCHMITT,1002,3,CG,CG
100618,THIERRY-ÉT,THIERRY-ÉTIENNE,THIERRY-ÉTIENNE BENARD,2001,3,CG,CG
100619,NICOLEFOUQ,NICOLE FOUQUET ,NICOLE FOUQUET DE LA LOPES,2001,3,CG,CG
100620,NOËL-CHRIS,NOËL-CHRISTOPHE,NOËL-CHRISTOPHE MARIE,2001,3,CG,CG
100621,ISAAC-MART,ISAAC-MARTIN VA,ISAAC-MARTIN VALENTIN,1001,3,CG,CG
100622,GUILLAUMED,GUILLAUME DE AU,GUILLAUME DE AUGER,1001,3,CG,CG
100623,ZOÉPELTIER,ZOÉ PELTIER,ZOÉ PELTIER,1002,3,CG,CG
100624,GABRIELLEG,GABRIELLE GILLE,GABRIELLE GILLET-RICHARD,1002,1,CG,CG
100625,ÉDOUARDALL,ÉDOUARD ALLAIN ,ÉDOUARD ALLAIN DE SCHMITT,1002,1,CG,CG
100626,PHILIPPE-T,PHILIPPE-TRISTA,PHILIPPE-TRISTAN GILLET,2001,3,CG,CG
100627,CÉCILEPINT,CÉCILE PINTO,CÉCILE PINTO,1001,3,CG,CG
100628,THÉODORELE,THÉODORE LEJEUN,THÉODORE LEJEUNE,1001,3,CG,CG
100629,FRANÇOISGU,FRANÇOIS GUICHA,FRANÇOIS GUICHARD,2001,1,CG,CG
100630,DOMINIQUEL,DOMINIQUE LEBRU,DOMINIQUE LEBRUN-BLANC,1002,2,CG,CG
100631,LUCYDIAS,LUCY DIAS,LUCY DIAS,2001,1,CG,CG
100632,SUZANNEPIC,SUZANNE PICARD,SUZANNE PICARD,2001,3,CG,CG
100633,JEANNINEPA,JEANNINE PASCAL,JEANNINE PASCAL,1001,3,CG,CG
100634,CAROLINEHA,CAROLINE HAMON,CAROLINE HAMON,2001,2,CG,CG
100635,RÉMYLEDUC,RÉMY LEDUC,RÉMY LEDUC,1002,3,CG,CG
100636,VICTORBENO,VICTOR BENOIT,VICTOR BENOIT,1001,2,CG,CG
100637,LAURENTLER,LAURENT LE ROBE,LAURENT LE ROBERT,1002,1,CG,CG
100638,AMÉLIE-ALE,AMÉLIE-ALEXANDR,AMÉLIE-ALEXANDRIA FOUCHER,1002,1,CG,CG
100639,MARIANNEGI,MARIANNE GIMENE,MARIANNE GIMENEZ,1001,2,CG,CG
100640,ROBERTLEPO,ROBERT LE POULA,ROBERT LE POULAIN,2001,1,CG,CG
100641,AMÉLIENEVE,AMÉLIE NEVEU,AMÉLIE NEVEU,2001,1,CG,CG
100642,GILLESFERR,GILLES FERRAND,GILLES FERRAND,1001,3,CG,CG
100643,AIMÉELAURE,AIMÉE LAURENT,AIMÉE LAURENT,2001,1,CG,CG
100644,ALICE-MANO,ALICE-MANON GAU,ALICE-MANON GAUDIN,1001,3,CG,CG
100645,CLAUDINEPI,CLAUDINE PIRES,CLAUDINE PIRES,1002,2,CG,CG
100646,DOMINIQUEL,DOMINIQUE LECOQ,DOMINIQUE LECOQ-MARIE,1001,2,CG,CG
100647,STÉPHANEDU,STÉPHANE DUMONT,STÉPHANE DUMONT LE SCHMITT,1001,3,CG,CG
100648,CHARLOTTEM,CHARLOTTE MORVA,CHARLOTTE MORVAN,1002,2,CG,CG
100649,FRANÇOISTE,FRANÇOIS TECHER,FRANÇOIS TECHER DE LA VALLÉE,2001,3,CG,CG
100650,PHILIPPEWE,PHILIPPE WEISS,PHILIPPE WEISS,2001,2,CG,CG
100651,GABRIELLEB,GABRIELLE BRUNE,GABRIELLE BRUNET,1002,1,CG,CG
100652,CÉCILE-AUR,CÉCILE-AURÉLIE ,CÉCILE-AURÉLIE BENARD,2001,3,CG,CG
100653,YVESMONNIE,YVES MONNIER,YVES MONNIER,2001,2,CG,CG
100654,VICTORDUVA,VICTOR DUVAL,VICTOR DUVAL,2001,3,CG,CG
100655,MAGGIENEVE,MAGGIE NEVEU,MAGGIE NEVEU,1001,2,CG,CG
100656,HUGUESBONN,HUGUES BONNET,HUGUES BONNET,1001,2,CG,CG
100657,JEANBARBED,JEAN BARBE DE L,JEAN BARBE DE LA VERDIER,1002,2,CG,CG
100658,MADELEINED,MADELEINE DE RO,MADELEINE DE ROSSI,2001,3,CG,CG
100659,ÉRICGÉRARD,ÉRIC GÉRARD,ÉRIC GÉRARD,2001,2,CG,CG
100660,CAPUCINETE,CAPUCINE TECHER,CAPUCINE TECHER,1002,1,CG,CG
100661,ÉLODIEGROS,ÉLODIE GROS,ÉLODIE GROS,1001,2,CG,CG
100662,LÉONCOUSIN,LÉON COUSIN-MIC,LÉON COUSIN-MICHAUD,1001,2,CG,CG
100663,ÉLISESIMON,ÉLISE SIMON,ÉLISE SIMON,2001,3,CG,CG
100664,AMÉLIEMART,AMÉLIE MARTINEA,AMÉLIE MARTINEAU,1002,1,CG,CG
100665,FRÉDÉRIQUE,FRÉDÉRIQUE ARNA,FRÉDÉRIQUE ARNAUD,1001,3,CG,CG
100666,GÉRARDCARO,GÉRARD CARON-MA,GÉRARD CARON-MAILLET,1002,2,CG,CG
100667,PAULFLEURY,PAUL FLEURY,PAUL FLEURY,1002,1,CG,CG
100668,OLIVIERDEL,OLIVIER DE LA R,OLIVIER DE LA RIVIÈRE,1002,2,CG,CG
100669,ROBERTDEDE,ROBERT DE DELAH,ROBERT DE DELAHAYE,2001,2,CG,CG
100670,SUSANNE-OC,SUSANNE-OCÉANE ,SUSANNE-OCÉANE TORRES,1001,1,CG,CG
100671,BERTRANDHU,BERTRAND HUET,BERTRAND HUET,2001,3,CG,CG
100672,ADÈLELEBRE,ADÈLE LEBRETON,ADÈLE LEBRETON,1001,1,CG,CG
100673,BENJAMINTR,BENJAMIN TRAORE,BENJAMIN TRAORE DU GARCIA,1001,3,CG,CG
100674,ALEXANDRED,ALEXANDRE DELOR,ALEXANDRE DELORME LE BESSON,1002,1,CG,CG
100675,VINCENTBOU,VINCENT BOULANG,VINCENT BOULANGER,1001,3,CG,CG
100676,THIERRYSAU,THIERRY SAUVAGE,THIERRY SAUVAGE,1001,1,CG,CG
100677,AIMÉBENOIT,AIMÉ BENOIT,AIMÉ BENOIT,2001,1,CG,CG
100678,BENJAMINBO,BENJAMIN BODIN,BENJAMIN BODIN,2001,1,CG,CG
100679,DIANEALEXA,DIANE ALEXANDRE,DIANE ALEXANDRE,2001,3,CG,CG
100680,CHRISTOPHE,CHRISTOPHE PINE,CHRISTOPHE PINEAU,2001,1,CG,CG
100681,CORINNEMAI,CORINNE MAILLOT,CORINNE MAILLOT,1002,2,CG,CG
100682,GÉRARDSAUV,GÉRARD SAUVAGE,GÉRARD SAUVAGE,1002,1,CG,CG
100683,SYLVIEGUIL,SYLVIE GUILLAUM,SYLVIE GUILLAUME,1002,1,CG,CG
100684,ROGERDELAG,ROGER DE LA GUI,ROGER DE LA GUILLOU,2001,3,CG,CG
100685,BERNARDLEB,BERNARD LEBLANC,BERNARD LEBLANC,1002,1,CG,CG
100686,NATHALIELÉ,NATHALIE LÉGER,NATHALIE LÉGER,1002,2,CG,CG
100687,MICHELLELÉ,MICHELLE LÉGER,MICHELLE LÉGER,2001,3,CG,CG
100688,ALFREDJACQ,ALFRED JACQUET,ALFRED JACQUET,1001,1,CG,CG
100689,BRIGITTEMA,BRIGITTE MARIE ,BRIGITTE MARIE DE LA PARIS,2001,1,CG,CG
100690,MARGUERITE,MARGUERITE RODR,MARGUERITE RODRIGUEZ LE RIOU,1002,2,CG,CG
100691,LUCIEPHILI,LUCIE PHILIPPE ,LUCIE PHILIPPE DE LA NOËL,2001,2,CG,CG
100692,ANTOINEBLO,ANTOINE BLONDEL,ANTOINE BLONDEL,2001,3,CG,CG
100693,ADÉLAÏDELE,ADÉLAÏDE LEMONN,ADÉLAÏDE LEMONNIER-TOUSSAINT,1002,2,CG,CG
100694,PAULDURICH,PAUL DU RICHARD,PAUL DU RICHARD,1002,3,CG,CG
100695,RÉMYGOMES,RÉMY GOMES,RÉMY GOMES,1002,1,CG,CG
100696,BRIGITTE-B,BRIGITTE-BRIGIT,BRIGITTE-BRIGITTE LAGARDE,1002,2,CG,CG
100697,MARINEMONN,MARINE MONNIER,MARINE MONNIER,1001,1,CG,CG
100698,FRÉDÉRIQUE,FRÉDÉRIQUE FAUR,FRÉDÉRIQUE FAURE,2001,2,CG,CG
100699,WILLIAMDEV,WILLIAM DEVAUX,WILLIAM DEVAUX,2001,1,CG,CG
100700,JOSÉPHINEL,JOSÉPHINE LAMY,JOSÉPHINE LAMY,2001,3,CG,CG
100701,ASTRIDMARQ,ASTRID MARQUES,ASTRID MARQUES,1001,2,CG,CG
100702,DOMINIQUEL,DOMINIQUE LEDOU,DOMINIQUE LEDOUX,1002,3,CG,CG
100703,INÈSDELATT,INÈS DELATTRE,INÈS DELATTRE,2001,1,CG,CG
100704,JEANNEROUS,JEANNE ROUSSET,JEANNE ROUSSET,1001,1,CG,CG
100705,THIERRYREG,THIERRY REGNIER,THIERRY REGNIER,1001,2,CG,CG
100706,VINCENTCAR,VINCENT CARLIER,VINCENT CARLIER,2001,2,CG,CG
100707,PHILIPPINE,PHILIPPINE PARE,PHILIPPINE PARENT,1002,3,CG,CG
100708,MAURICEDES,MAURICE DE SOUS,MAURICE DE SOUSA,1001,1,CG,CG
100709,CÉLINALOIS,CÉLINA LOISEAU,CÉLINA LOISEAU,2001,3,CG,CG
100710,MARGARETDE,MARGARET DE LOM,MARGARET DE LOMBARD,2001,1,CG,CG
100711,JACQUESTAN,JACQUES TANGUY,JACQUES TANGUY,1002,2,CG,CG
100712,WILLIAMBRU,WILLIAM BRUN-GE,WILLIAM BRUN-GEORGES,1001,2,CG,CG
100713,CAROLINEGR,CAROLINE GRONDI,CAROLINE GRONDIN,1002,2,CG,CG
100714,THOMASBAUD,THOMAS BAUDRY,THOMAS BAUDRY,2001,1,CG,CG
100715,ADRIENNEDE,ADRIENNE DE SOU,ADRIENNE DE SOUSA,1001,2,CG,CG
100716,PHILIPPELE,PHILIPPE LEBON,PHILIPPE LEBON,1001,2,CG,CG
100717,MARTHEGAUD,MARTHE GAUDIN,MARTHE GAUDIN,1001,1,CG,CG
100718,CATHERINEL,CATHERINE LE DU,CATHERINE LE DUMONT,2001,3,CG,CG
100719,SÉBASTIENO,SÉBASTIEN OLLIV,SÉBASTIEN OLLIVIER-HAMEL,1002,2,CG,CG
100720,AGATHEEVRA,AGATHE EVRARD-C,AGATHE EVRARD-CORDIER,1002,3,CG,CG
100721,STÉPHANIEA,STÉPHANIE ALVES,STÉPHANIE ALVES,1001,2,CG,CG
100722,RENÉMARTY-,RENÉ MARTY-DAVI,RENÉ MARTY-DAVID,1001,3,CG,CG
100723,RAYMONDBAR,RAYMOND BARRE D,RAYMOND BARRE DU LACROIX,1001,3,CG,CG
100724,NOËLDANIEL,NOËL DANIEL,NOËL DANIEL,1002,1,CG,CG
100725,MARINECOUR,MARINE COURTOIS,MARINE COURTOIS,2001,1,CG,CG
100726,JACQUESROD,JACQUES RODRIGU,JACQUES RODRIGUES,1001,1,CG,CG
100727,SUZANNEGUÉ,SUZANNE GUÉRIN,SUZANNE GUÉRIN,2001,3,CG,CG
100728,BRIGITTE-É,BRIGITTE-ÉLÉONO,BRIGITTE-ÉLÉONORE CHAUVET,1002,2,CG,CG
100729,LUCIE-NICO,LUCIE-NICOLE LÉ,LUCIE-NICOLE LÉVY,1002,1,CG,CG
100730,MICHELDELA,MICHEL DE LA HO,MICHEL DE LA HOARAU,1002,3,CG,CG
100731,JÉRÔMEBERN,JÉRÔME BERNARD,JÉRÔME BERNARD,1001,2,CG,CG
100732,JULIENBLAN,JULIEN BLANC-HU,JULIEN BLANC-HUBERT,1001,1,CG,CG
100733,CÉLINEDIAL,CÉLINE DIALLO D,CÉLINE DIALLO DU BOURDON,1002,2,CG,CG
100734,STÉPHANELE,STÉPHANE LESAGE,STÉPHANE LESAGE,2001,1,CG,CG
100735,LOUISELEBO,LOUISE LEBON,LOUISE LEBON,2001,3,CG,CG
100736,ROBERTGREN,ROBERT GRENIER-,ROBERT GRENIER-TECHER,1001,2,CG,CG
100737,ALIXJACOB,ALIX JACOB,ALIX JACOB,1002,1,CG,CG
100738,ROBERTMEND,ROBERT MENDÈS,ROBERT MENDÈS,1002,2,CG,CG
100739,STÉPHANEDU,STÉPHANE DU PIE,STÉPHANE DU PIERRE,1002,2,CG,CG
100740,CHRISTELLE,CHRISTELLE CHAU,CHRISTELLE CHAUVEAU,1002,2,CG,CG
100741,ALEXANDRIE,ALEXANDRIE JEAN,ALEXANDRIE JEAN,2001,3,CG,CG
100742,ADRIENLACR,ADRIEN LACROIX,ADRIEN LACROIX,1002,2,CG,CG
100743,LÉONBLIN,LÉON BLIN,LÉON BLIN,1002,2,CG,CG
100744,CHRISTIANE,CHRISTIANE RAYN,CHRISTIANE RAYNAUD-AUBERT,1001,1,CG,CG
100745,PHILIPPINE,PHILIPPINE DE L,PHILIPPINE DE LA PETIT,1001,1,CG,CG
100746,AUGUSTINPE,AUGUSTIN PERON,AUGUSTIN PERON,2001,3,CG,CG
100747,NOËLMERLE,NOËL MERLE,NOËL MERLE,2001,3,CG,CG
100748,DOMINIQUEB,DOMINIQUE BENOI,DOMINIQUE BENOIT,2001,1,CG,CG
100749,ASTRIDALEX,ASTRID ALEXANDR,ASTRID ALEXANDRE,2001,2,CG,CG
100750,RENÉECARLI,RENÉE CARLIER,RENÉE CARLIER,1001,2,CG,CG
100751,LUCASCARLI,LUCAS CARLIER,LUCAS CARLIER,1002,1,CG,CG
100752,ADRIENNE-É,ADRIENNE-ÉLISAB,ADRIENNE-ÉLISABETH LECOMTE,1002,3,CG,CG
100753,MATTHIEUCO,MATTHIEU COUSIN,MATTHIEU COUSIN DU DE SOUSA,2001,3,CG,CG
100754,AURÉLIE-NA,AURÉLIE-NATHALI,AURÉLIE-NATHALIE GILLET,1001,3,CG,CG
100755,ÉMILIEDELA,ÉMILIE DE LA FE,ÉMILIE DE LA FERNANDES,2001,2,CG,CG
100756,SIMONEDELA,SIMONE DELAUNAY,SIMONE DELAUNAY,2001,1,CG,CG
100757,ÉTIENNEBOU,ÉTIENNE BOULAY,ÉTIENNE BOULAY,1002,2,CG,CG
100758,INÈSCORDIE,INÈS CORDIER,INÈS CORDIER,1002,2,CG,CG
100759,RAYMONDREG,RAYMOND REGNIER,RAYMOND REGNIER,2001,2,CG,CG
100760,EMMANUELDE,EMMANUEL DELAUN,EMMANUEL DELAUNAY,1002,2,CG,CG
100761,LAURENTGUI,LAURENT GUILBER,LAURENT GUILBERT,1002,3,CG,CG
100762,LUC-MARCCH,LUC-MARC CHAUVE,LUC-MARC CHAUVET,2001,1,CG,CG
100763,CAMILLEGUI,CAMILLE GUILLOT,CAMILLE GUILLOT-FOURNIER,1002,2,CG,CG
100764,BENOÎTGUÉR,BENOÎT GUÉRIN,BENOÎT GUÉRIN,1002,1,CG,CG
100765,MICHÈLEGUI,MICHÈLE GUILLAU,MICHÈLE GUILLAUME,1002,1,CG,CG
100766,LOUISEGERM,LOUISE GERMAIN,LOUISE GERMAIN,1002,2,CG,CG
100767,FRANCKLÉGE,FRANCK LÉGER,FRANCK LÉGER,2001,2,CG,CG
100768,TRISTANMIC,TRISTAN MICHAUD,TRISTAN MICHAUD,1001,2,CG,CG
100769,AUDREYMALL,AUDREY MALLET D,AUDREY MALLET DE LA LEMAÎTRE,2001,3,CG,CG
100770,ADRIENLÉGE,ADRIEN LÉGER DU,ADRIEN LÉGER DU LECOMTE,2001,1,CG,CG
100771,XAVIERBOUS,XAVIER BOUSQUET,XAVIER BOUSQUET,1001,3,CG,CG
100772,ANTOINEGRO,ANTOINE GRONDIN,ANTOINE GRONDIN DU DUMONT,1002,3,CG,CG
100773,LUCASPRÉVO,LUCAS PRÉVOST,LUCAS PRÉVOST,2001,3,CG,CG
100774,ÉLISABETHM,ÉLISABETH MAILL,ÉLISABETH MAILLARD,2001,2,CG,CG
100775,ÉLODIEHAMO,ÉLODIE HAMON,ÉLODIE HAMON,2001,1,CG,CG
100776,MICHELGARN,MICHEL GARNIER,MICHEL GARNIER,1001,1,CG,CG
100777,ASTRIDRIOU,ASTRID RIOU,ASTRID RIOU,1002,3,CG,CG
100778,MARINELEMA,MARINE LE MASSO,MARINE LE MASSON,1002,1,CG,CG
100779,AUGUSTEBEN,AUGUSTE BENOIT,AUGUSTE BENOIT,1002,3,CG,CG
100780,CÉLINECOHE,CÉLINE COHEN-TO,CÉLINE COHEN-TORRES,2001,2,CG,CG
100781,DENISMARIN,DENIS MARIN-RAM,DENIS MARIN-RAMOS,1002,3,CG,CG
100782,LUCASNGUYE,LUCAS NGUYEN,LUCAS NGUYEN,1001,1,CG,CG
100783,ZOÉDETHOMA,ZOÉ DE THOMAS,ZOÉ DE THOMAS,1002,3,CG,CG
100784,BENJAMINNE,BENJAMIN NEVEU ,BENJAMIN NEVEU DU MICHEL,1001,1,CG,CG
100785,THIBAUTPER,THIBAUT PEREIRA,THIBAUT PEREIRA,1001,3,CG,CG
100786,AIMÉDEGRON,AIMÉ DE GRONDIN,AIMÉ DE GRONDIN,1002,3,CG,CG
100787,DANIELLEHE,DANIELLE HENRY ,DANIELLE HENRY DE LA LEDOUX,2001,2,CG,CG
100788,CHRISTELLE,CHRISTELLE SALM,CHRISTELLE SALMON,1002,1,CG,CG
100789,SYLVIECLER,SYLVIE CLERC,SYLVIE CLERC,2001,2,CG,CG
100790,ANTOINEDEL,ANTOINE DE LETE,ANTOINE DE LETELLIER,2001,3,CG,CG
100791,TIMOTHÉEDU,TIMOTHÉE DU BOU,TIMOTHÉE DU BOULAY,1001,1,CG,CG
100792,ALEXANDRIE,ALEXANDRIE-ALIX,ALEXANDRIE-ALIX RODRIGUEZ,2001,2,CG,CG
100793,ZOÉLEGILLE,ZOÉ LE GILLES,ZOÉ LE GILLES,1002,1,CG,CG
100794,JULIETTELA,JULIETTE LACROI,JULIETTE LACROIX DE MAHE,1001,2,CG,CG
100795,ÉRICCOSTA,ÉRIC COSTA,ÉRIC COSTA,1001,1,CG,CG
100796,ANASTASIEL,ANASTASIE LAGAR,ANASTASIE LAGARDE-MACE,1002,2,CG,CG
100797,NICOLASGUY,NICOLAS GUYON,NICOLAS GUYON,2001,3,CG,CG
100798,JULESGUILL,JULES GUILLET,JULES GUILLET,1002,3,CG,CG
100799,BENJAMINTE,BENJAMIN TECHER,BENJAMIN TECHER-FOURNIER,2001,1,CG,CG
100800,GÉRARDMARC,GÉRARD MARCHAND,GÉRARD MARCHAND,1001,2,CG,CG
100801,THÉRÈSELOU,THÉRÈSE LOUIS,THÉRÈSE LOUIS,2001,3,CG,CG
100802,ALAIN-TRIS,ALAIN-TRISTAN G,ALAIN-TRISTAN GEORGES,2001,3,CG,CG
100803,THÉOPHILEL,THÉOPHILE LE CA,THÉOPHILE LE CARLIER,2001,2,CG,CG
100804,ROLANDLACR,ROLAND LACROIX-,ROLAND LACROIX-BARTHELEMY,1002,1,CG,CG
100805,ANTOINEVAI,ANTOINE VAILLAN,ANTOINE VAILLANT,1002,2,CG,CG
100806,NOËLPETITD,NOËL PETIT DE L,NOËL PETIT DE LA RAYMOND,1002,1,CG,CG
100807,VINCENTLAU,VINCENT LAURENT,VINCENT LAURENT DU JOSEPH,1002,3,CG,CG
100808,CHARLESROB,CHARLES ROBERT-,CHARLES ROBERT-DELORME,2001,2,CG,CG
100809,ANTOINEDER,ANTOINE DE RICH,ANTOINE DE RICHARD,2001,1,CG,CG
100810,SUSANNEPOT,SUSANNE POTIER ,SUSANNE POTIER DE LA PAGES,2001,1,CG,CG
100811,EMMANUELDE,EMMANUEL DESCAM,EMMANUEL DESCAMPS,1002,1,CG,CG
100812,SIMONEGUIL,SIMONE GUILLAUM,SIMONE GUILLAUME,2001,2,CG,CG
100813,VIRGINIEFL,VIRGINIE FLEURY,VIRGINIE FLEURY,1002,3,CG,CG
100814,MARGOT-REN,MARGOT-RENÉE AN,MARGOT-RENÉE ANTOINE,1001,2,CG,CG
100815,AUDREYLEDU,AUDREY LEDUC,AUDREY LEDUC,1001,1,CG,CG
100816,CHARLOTTEC,CHARLOTTE CORDI,CHARLOTTE CORDIER,1002,3,CG,CG
100817,ASTRIDSIMO,ASTRID SIMON,ASTRID SIMON,2001,2,CG,CG
100818,PHILIPPINE,PHILIPPINE MACE,PHILIPPINE MACE,1002,2,CG,CG
100819,OLIVIERLEC,OLIVIER LECONTE,OLIVIER LECONTE,2001,1,CG,CG
100820,GILLES-AUG,GILLES-AUGUSTIN,GILLES-AUGUSTIN LEBRETON,1001,2,CG,CG
100821,AUGUSTEDER,AUGUSTE DE ROYE,AUGUSTE DE ROYER,1001,1,CG,CG
100822,XAVIERLECL,XAVIER LECLERC,XAVIER LECLERC,2001,1,CG,CG
100823,JOSEPHMARI,JOSEPH MARION,JOSEPH MARION,1002,3,CG,CG
100824,ALEXANDRIE,ALEXANDRIE OLLI,ALEXANDRIE OLLIVIER-LECOQ,1002,2,CG,CG
100825,ÉDITHFONTA,ÉDITH FONTAINE-,ÉDITH FONTAINE-VALLET,1002,1,CG,CG
100826,ÉTIENNEBOU,ÉTIENNE BOULAY,ÉTIENNE BOULAY,1001,1,CG,CG
100827,ZACHARIELE,ZACHARIE LEMAÎT,ZACHARIE LEMAÎTRE,1002,2,CG,CG
100828,JULIEBÈGUE,JULIE BÈGUE DE ,JULIE BÈGUE DE LA PRÉVOST,1001,3,CG,CG
100829,EMMANUELLE,EMMANUELLE PIER,EMMANUELLE PIERRE,1002,2,CG,CG
100830,ISAACMUNOZ,ISAAC MUNOZ,ISAAC MUNOZ,1001,1,CG,CG
100831,JULIENMULL,JULIEN MULLER D,JULIEN MULLER DU DENIS,2001,3,CG,CG
100832,CONSTANCEF,CONSTANCE FERRA,CONSTANCE FERRAND,1001,1,CG,CG
100833,JEAN-ROGER,JEAN-ROGER LÉGE,JEAN-ROGER LÉGER,1001,3,CG,CG
100834,BERNARDMAR,BERNARD MARIE,BERNARD MARIE,2001,1,CG,CG
100835,VÉRONIQUEG,VÉRONIQUE GUICH,VÉRONIQUE GUICHARD,2001,2,CG,CG
100836,AGNÈSMARTE,AGNÈS MARTEL,AGNÈS MARTEL,2001,3,CG,CG
100837,MARGARETLE,MARGARET LEMOIN,MARGARET LEMOINE DE LA GUILLAUME,1001,3,CG,CG
100838,JULIENJOLY,JULIEN JOLY,JULIEN JOLY,1001,1,CG,CG
100839,ÉLODIEBRET,ÉLODIE BRETON,ÉLODIE BRETON,1002,1,CG,CG
100840,PAULMOREL,PAUL MOREL,PAUL MOREL,1001,2,CG,CG
100841,AUDREYHARD,AUDREY HARDY,AUDREY HARDY,1002,3,CG,CG
100842,NATHALIE-É,NATHALIE-ÉDITH ,NATHALIE-ÉDITH DENIS,2001,3,CG,CG
100843,THIERRYHER,THIERRY HERNAND,THIERRY HERNANDEZ,1002,3,CG,CG
100844,ÉDITHDELAÉ,ÉDITH DE LA ÉTI,ÉDITH DE LA ÉTIENNE,1001,2,CG,CG
100845,BERTRAND-G,BERTRAND-GILBER,BERTRAND-GILBERT LAGARDE,2001,3,CG,CG
100846,PIERRE-THI,PIERRE-THIBAUT ,PIERRE-THIBAUT GÉRARD,1001,3,CG,CG
100847,YVESDUGUIL,YVES DU GUILLOT,YVES DU GUILLOT,1001,3,CG,CG
100848,NOËLLEBON,NOËL LEBON,NOËL LEBON,1002,1,CG,CG
100849,CATHERINEC,CATHERINE CARON,CATHERINE CARON,2001,2,CG,CG
100850,DANIELBONN,DANIEL BONNET D,DANIEL BONNET DU BONNEAU,2001,2,CG,CG
100851,LUCAS-ARTH,LUCAS-ARTHUR LE,LUCAS-ARTHUR LEFEBVRE,1001,2,CG,CG
100852,NATHALIEDU,NATHALIE DU LEM,NATHALIE DU LEMONNIER,1001,1,CG,CG
100853,THÉODORECH,THÉODORE CHARRI,THÉODORE CHARRIER-FAURE,2001,1,CG,CG
100854,ADRIENNEGU,ADRIENNE GUÉRIN,ADRIENNE GUÉRIN,2001,2,CG,CG
100855,XAVIERDUCH,XAVIER DU CHARP,XAVIER DU CHARPENTIER,2001,1,CG,CG
100856,CHARLESPOT,CHARLES POTIER,CHARLES POTIER,2001,3,CG,CG
100857,ANTOINELEG,ANTOINE LEGRAND,ANTOINE LEGRAND,1001,1,CG,CG
100858,DAVIDMUNOZ,DAVID MUNOZ DE ,DAVID MUNOZ DE ANDRE,2001,3,CG,CG
100859,CLAIREBERG,CLAIRE BERGER,CLAIRE BERGER,1002,3,CG,CG
100860,LORRAINELE,LORRAINE LEBON,LORRAINE LEBON,1002,2,CG,CG
100861,FRÉDÉRIQUE,FRÉDÉRIQUE DUFO,FRÉDÉRIQUE DUFOUR,1002,1,CG,CG
100862,GILBERTAUB,GILBERT AUBERT,GILBERT AUBERT,1001,1,CG,CG
100863,YVES-PHILI,YVES-PHILIPPE P,YVES-PHILIPPE PEREIRA,2001,2,CG,CG
100864,ALFREDBAZI,ALFRED BAZIN,ALFRED BAZIN,2001,3,CG,CG
100865,MATTHIEUDE,MATTHIEU DE LA ,MATTHIEU DE LA POTIER,1002,3,CG,CG
100866,TIMOTHÉEGE,TIMOTHÉE GEORGE,TIMOTHÉE GEORGES,2001,1,CG,CG
100867,ANASTASIE-,ANASTASIE-VIRGI,ANASTASIE-VIRGINIE POIRIER,2001,1,CG,CG
100868,MARINELEBO,MARINE LE BOUCH,MARINE LE BOUCHER,1001,2,CG,CG
100869,MARINEFERN,MARINE FERNANDE,MARINE FERNANDES,1002,1,CG,CG
100870,DIANEMARTI,DIANE MARTINEAU,DIANE MARTINEAU,1001,3,CG,CG
100871,GABRIELLEL,GABRIELLE LEBRE,GABRIELLE LEBRETON,1001,1,CG,CG
100872,ARTHURPERE,ARTHUR PEREIRA-,ARTHUR PEREIRA-GONCALVES,2001,1,CG,CG
100873,ÉRICHERNAN,ÉRIC HERNANDEZ,ÉRIC HERNANDEZ,1001,1,CG,CG
100874,ÉRICHARDY,ÉRIC HARDY,ÉRIC HARDY,1002,2,CG,CG
100875,MADELEINER,MADELEINE ROY,MADELEINE ROY,2001,1,CG,CG
100876,NICOLERAYN,NICOLE RAYNAUD,NICOLE RAYNAUD,1001,3,CG,CG
100877,MARGUERITE,MARGUERITE HERN,MARGUERITE HERNANDEZ,1002,1,CG,CG
100878,ISABELLECO,ISABELLE COLAS ,ISABELLE COLAS LE GONZALEZ,1001,2,CG,CG
100879,MATHILDEHE,MATHILDE HERNAN,MATHILDE HERNANDEZ DU LAMBERT,1001,2,CG,CG
100880,ÉDITHROUX,ÉDITH ROUX,ÉDITH ROUX,2001,1,CG,CG
100881,TIMOTHÉEFO,TIMOTHÉE FOUQUE,TIMOTHÉE FOUQUET,1001,1,CG,CG
100882,PAULETTERO,PAULETTE RODRIG,PAULETTE RODRIGUEZ,1002,3,CG,CG
100883,MADELEINE-,MADELEINE-CÉCIL,MADELEINE-CÉCILE LE GALL,1001,2,CG,CG
100884,ALICEBLANC,ALICE BLANC-DUM,ALICE BLANC-DUMONT,1001,3,CG,CG
100885,MARTINGAUT,MARTIN GAUTIER,MARTIN GAUTIER,2001,1,CG,CG
100886,ALICEDACOS,ALICE DA COSTA,ALICE DA COSTA,1001,1,CG,CG
100887,ROLANDARNA,ROLAND ARNAUD L,ROLAND ARNAUD LE PINEAU,1001,3,CG,CG
100888,MATHILDETO,MATHILDE TOUSSA,MATHILDE TOUSSAINT,1001,1,CG,CG
100889,ARNAUDEDEL,ARNAUDE DELORME,ARNAUDE DELORME DU HOARAU,1001,2,CG,CG
100890,TRISTANROY,TRISTAN ROYER,TRISTAN ROYER,2001,3,CG,CG
100891,FRANCKDUHA,FRANCK DUHAMEL,FRANCK DUHAMEL,1002,2,CG,CG
100892,ADRIENSCHN,ADRIEN SCHNEIDE,ADRIEN SCHNEIDER-DIALLO,2001,3,CG,CG
100893,CHRISTIANE,CHRISTIANE LELI,CHRISTIANE LELIÈVRE,2001,3,CG,CG
100894,INÈSRAYMON,INÈS RAYMOND,INÈS RAYMOND,1001,3,CG,CG
100895,ROBERTJOUB,ROBERT JOUBERT,ROBERT JOUBERT,2001,1,CG,CG
100896,MARTINMAUR,MARTIN MAURICE ,MARTIN MAURICE DE LA BLONDEL,1001,2,CG,CG
100897,JACQUESBOU,JACQUES BOUCHER,JACQUES BOUCHER-BERTRAND,2001,1,CG,CG
100898,ALEXLAGARD,ALEX LAGARDE,ALEX LAGARDE,2001,2,CG,CG
100899,DOMINIQUEJ,DOMINIQUE JACOB,DOMINIQUE JACOB,2001,1,CG,CG
100900,GILLESMART,GILLES MARTY,GILLES MARTY,1001,1,CG,CG
100901,ANOUKMAHE,ANOUK MAHE,ANOUK MAHE,2001,3,CG,CG
100902,THOMASLEMO,THOMAS LEMONNIE,THOMAS LEMONNIER,1001,1,CG,CG
100903,SUZANNENIC,SUZANNE NICOLAS,SUZANNE NICOLAS,1002,2,CG,CG
100904,FRANÇOISPO,FRANÇOIS POIRIE,FRANÇOIS POIRIER,1001,3,CG,CG
100905,ODETTEPICA,ODETTE PICARD,ODETTE PICARD,1001,3,CG,CG
100906,AIMÉPICHON,AIMÉ PICHON,AIMÉ PICHON,2001,3,CG,CG
100907,YVESBODIND,YVES BODIN DE D,YVES BODIN DE DE SOUSA,2001,1,CG,CG
100908,GUILLAUMEP,GUILLAUME PHILI,GUILLAUME PHILIPPE,1002,1,CG,CG
100909,PHILIPPINE,PHILIPPINE ROLL,PHILIPPINE ROLLAND,1002,3,CG,CG
100910,JEANNEMARC,JEANNE MARCHAL,JEANNE MARCHAL,1001,1,CG,CG
100911,ARNAUDETUR,ARNAUDE TURPIN,ARNAUDE TURPIN,1001,2,CG,CG
100912,ARTHURPARE,ARTHUR PARENT,ARTHUR PARENT,2001,2,CG,CG
100913,JÉRÔMECHAR,JÉRÔME CHARPENT,JÉRÔME CHARPENTIER-RAMOS,1001,2,CG,CG
100914,ANDRÉMARTI,ANDRÉ MARTINS,ANDRÉ MARTINS,1002,3,CG,CG
100915,ANDRÉSEGUI,ANDRÉ SEGUIN LE,ANDRÉ SEGUIN LE CHARTIER,1002,1,CG,CG
100916,ALFREDDELA,ALFRED DE LA MA,ALFRED DE LA MARCHAND,1002,2,CG,CG
100917,ALIXDELAVE,ALIX DE LA VERD,ALIX DE LA VERDIER,1001,2,CG,CG
100918,ANOUKRIBEI,ANOUK RIBEIRO D,ANOUK RIBEIRO DE LESAGE,1001,2,CG,CG
100919,TRISTAN-HE,TRISTAN-HENRI B,TRISTAN-HENRI BERNARD,1002,3,CG,CG
100920,CHRISTELLE,CHRISTELLE PONS,CHRISTELLE PONS,2001,3,CG,CG
100921,GABRIELLEF,GABRIEL LEFÈVRE,GABRIEL LEFÈVRE,1002,2,CG,CG
100922,GUY-XAVIER,GUY-XAVIER RICH,GUY-XAVIER RICHARD,1002,1,CG,CG
100923,OLIVIEDEGA,OLIVIE DE GARNI,OLIVIE DE GARNIER,1002,1,CG,CG
100924,RÉMYLAGARD,RÉMY LAGARDE,RÉMY LAGARDE,1001,2,CG,CG
100925,GILBERT-CH,GILBERT-CHARLES,GILBERT-CHARLES OLIVIER,1001,3,CG,CG
100926,HENRIBOUVI,HENRI BOUVIER,HENRI BOUVIER,2001,1,CG,CG
100927,ISABELLEDU,ISABELLE DUBOIS,ISABELLE DUBOIS DU DELAUNAY,1002,2,CG,CG
100928,GABRIELPOU,GABRIEL POULAIN,GABRIEL POULAIN,1001,3,CG,CG
100929,ISAACLECLE,ISAAC LECLERC,ISAAC LECLERC,2001,1,CG,CG
100930,CLAUDINE-M,CLAUDINE-MARGOT,CLAUDINE-MARGOT CHARPENTIER,1001,1,CG,CG
100931,MICHELDEPA,MICHEL DE PASCA,MICHEL DE PASCAL,2001,2,CG,CG
100932,STÉPHANIE-,STÉPHANIE-CLAUD,STÉPHANIE-CLAUDE COULON,1001,1,CG,CG
100933,PÉNÉLOPEDE,PÉNÉLOPE DE SOU,PÉNÉLOPE DE SOUSA DE LA SALMON,1002,3,CG,CG
100934,VICTORROUS,VICTOR ROUSSET,VICTOR ROUSSET,2001,1,CG,CG
100935,BERNADETTE,BERNADETTE GUIC,BERNADETTE GUICHARD,2001,3,CG,CG
100936,AMÉLIEMART,AMÉLIE MARTEL-R,AMÉLIE MARTEL-ROUX,1002,2,CG,CG
100937,VICTORGRON,VICTOR GRONDIN-,VICTOR GRONDIN-ALLAIN,2001,2,CG,CG
100938,MARTINEDEL,MARTINE DE LA L,MARTINE DE LA LECOQ,1002,1,CG,CG
100939,MICHELLEDI,MICHELLE DIJOUX,MICHELLE DIJOUX DU COUSIN,1001,1,CG,CG
100940,MICHELLOPE,MICHEL LOPEZ,MICHEL LOPEZ,1001,3,CG,CG
100941,LUCASPIERR,LUCAS PIERRE,LUCAS PIERRE,1002,2,CG,CG
100942,AIMÉGUIBER,AIMÉ GUIBERT,AIMÉ GUIBERT,2001,2,CG,CG
100943,CHANTALMAR,CHANTAL MARCHAN,CHANTAL MARCHAND,1001,2,CG,CG
100944,PATRICIAMA,PATRICIA MARIN,PATRICIA MARIN,2001,2,CG,CG
100945,CHANTALDEL,CHANTAL DE LA G,CHANTAL DE LA GUYON,2001,2,CG,CG
100946,ANTOINETTE,ANTOINETTE AUBE,ANTOINETTE AUBERT,1002,3,CG,CG
100947,BENJAMINCO,BENJAMIN CORDIE,BENJAMIN CORDIER,1001,2,CG,CG
100948,ISAACBRUNE,ISAAC BRUNET,ISAAC BRUNET,1001,3,CG,CG
100949,HORTENSEGI,HORTENSE GIRAUD,HORTENSE GIRAUD,1002,2,CG,CG
100950,HENRIRODRI,HENRI RODRIGUEZ,HENRI RODRIGUEZ,2001,1,CG,CG
100951,TRISTANGUY,TRISTAN GUYOT,TRISTAN GUYOT,1001,1,CG,CG
100952,MATTHIEULE,MATTHIEU LECOQ,MATTHIEU LECOQ,1001,3,CG,CG
100953,CÉCILERENA,CÉCILE RENAULT,CÉCILE RENAULT,2001,3,CG,CG
100954,ÉDOUARDPIE,ÉDOUARD PIERRE-,ÉDOUARD PIERRE-HAMEL,1002,1,CG,CG
100955,RENÉLAUREN,RENÉ LAURENT,RENÉ LAURENT,1002,2,CG,CG
100956,ÉLISABETH-,ÉLISABETH-MONIQ,ÉLISABETH-MONIQUE BONNET,1002,1,CG,CG
100957,MARTINELEG,MARTINE LE GOFF,MARTINE LE GOFF,1002,1,CG,CG
100958,PÉNÉLOPEDU,PÉNÉLOPE DU REG,PÉNÉLOPE DU REGNIER,1002,1,CG,CG
100959,LAUREMARTI,LAURE MARTINEZ,LAURE MARTINEZ,2001,3,CG,CG
100960,ROGERDUVAL,ROGER DUVAL DU ,ROGER DUVAL DU MACE,1001,2,CG,CG
100961,SUSANNEMEU,SUSANNE MEUNIER,SUSANNE MEUNIER,1002,1,CG,CG
100962,TIMOTHÉELE,TIMOTHÉE LESAGE,TIMOTHÉE LESAGE,1002,2,CG,CG
100963,CHRISTIANE,CHRISTIANE LOMB,CHRISTIANE LOMBARD DE LA NEVEU,2001,2,CG,CG
100964,SYLVIEMEUN,SYLVIE MEUNIER-,SYLVIE MEUNIER-JACQUET,1002,1,CG,CG
100965,CLÉMENCEDE,CLÉMENCE DE BOU,CLÉMENCE DE BOURDON,1002,1,CG,CG
100966,MATHILDEVI,MATHILDE VIDAL,MATHILDE VIDAL,1002,1,CG,CG
100967,CONSTANCER,CONSTANCE RÉMY,CONSTANCE RÉMY,1002,1,CG,CG
100968,CATHERINEB,CATHERINE BERGE,CATHERINE BERGER-LAURENT,1002,3,CG,CG
100969,PAULMOREAU,PAUL MOREAU LE ,PAUL MOREAU LE PIRES,1001,1,CG,CG
100970,EUGÈNECHAR,EUGÈNE CHARLES-,EUGÈNE CHARLES-PINEAU,1001,3,CG,CG
100971,ARNAUDEBOU,ARNAUDE BOUTIN,ARNAUDE BOUTIN,1001,1,CG,CG
100972,LAURENCEMA,LAURENCE MASSON,LAURENCE MASSON,1002,2,CG,CG
100973,HÉLÈNEGAIL,HÉLÈNE GAILLARD,HÉLÈNE GAILLARD,2001,3,CG,CG
100974,HÉLÈNEHENR,HÉLÈNE HENRY,HÉLÈNE HENRY,1001,3,CG,CG
100975,LUCREY,LUC REY,LUC REY,1002,2,CG,CG
100976,GRÉGOIRECO,GRÉGOIRE COHEN,GRÉGOIRE COHEN,1001,2,CG,CG
100977,LUC-AUGUST,LUC-AUGUSTE LEF,LUC-AUGUSTE LEFORT,2001,1,CG,CG
100978,AIMÉTORRES,AIMÉ TORRES,AIMÉ TORRES,2001,1,CG,CG
100979,DOMINIQUEA,DOMINIQUE ARNAU,DOMINIQUE ARNAUD,1001,2,CG,CG
100980,LUCIEGOMEZ,LUCIE GOMEZ,LUCIE GOMEZ,1002,1,CG,CG
100981,HUGUESMART,HUGUES MARTEL,HUGUES MARTEL,1002,3,CG,CG
100982,ROLAND-DEN,ROLAND-DENIS BE,ROLAND-DENIS BENOIT,1002,2,CG,CG
100983,JULIETTE-M,JULIETTE-MARINE,JULIETTE-MARINE DE OLIVEIRA,1002,2,CG,CG
100984,ANDRÉHAMON,ANDRÉ HAMON,ANDRÉ HAMON,1002,1,CG,CG
100985,HÉLÈNERENA,HÉLÈNE RENARD,HÉLÈNE RENARD,1002,1,CG,CG
100986,CÉCILEBERN,CÉCILE BERNARD,CÉCILE BERNARD,1001,3,CG,CG
100987,ÉDOUARDDUV,ÉDOUARD DU VASS,ÉDOUARD DU VASSEUR,1001,3,CG,CG
100988,FRÉDÉRIQUE,FRÉDÉRIQUE DE L,FRÉDÉRIQUE DE LA COURTOIS,1001,1,CG,CG
100989,PHILIPPINE,PHILIPPINE-GENE,PHILIPPINE-GENEVIÈVE BERTIN,2001,2,CG,CG
100990,BENOÎT-EUG,BENOÎT-EUGÈNE L,BENOÎT-EUGÈNE LECOMTE,1001,1,CG,CG
100991,AUGUSTINRE,AUGUSTIN REY,AUGUSTIN REY,1002,1,CG,CG
100992,SÉBASTIEND,SÉBASTIEN DE LA,SÉBASTIEN DE LA COURTOIS,2001,2,CG,CG
100993,JOSEPHFOUQ,JOSEPH FOUQUET,JOSEPH FOUQUET,1002,2,CG,CG
100994,NICOLEDESC,NICOLE DESCAMPS,NICOLE DESCAMPS-GRÉGOIRE,1002,1,CG,CG
100995,STÉPHANEAL,STÉPHANE ALLARD,STÉPHANE ALLARD-DUBOIS,1002,1,CG,CG
100996,YVES-PAULG,YVES-PAUL GUILB,YVES-PAUL GUILBERT,1001,2,CG,CG
100997,JULIENBECK,JULIEN BECKER,JULIEN BECKER,1001,3,CG,CG
100998,MARGARETKL,MARGARET KLEIN-,MARGARET KLEIN-MERLE,1002,1,CG,CG
100999,GILBERTROY,GILBERT ROYER,GILBERT ROYER,1001,2,CG,CG
101000,MARIELEGRA,MARIE LEGRAND,MARIE LEGRAND,2001,2,CG,CG
101001,GÉRARD-LAU,GÉRARD-LAURENT ,GÉRARD-LAURENT ROCHER,1001,2,CG,CG
101002,BERTRAND-D,BERTRAND-DENIS ,BERTRAND-DENIS BERNARD,2001,2,CG,CG
101003,DOMINIQUEI,DOMINIQUE IMBER,DOMINIQUE IMBERT,2001,3,CG,CG
101004,THIERRYMAC,THIERRY MACE,THIERRY MACE,2001,2,CG,CG
101005,CLÉMENCELE,CLÉMENCE LELEU,CLÉMENCE LELEU,2001,3,CG,CG
101006,JOSÉPHINER,JOSÉPHINE RÉMY,JOSÉPHINE RÉMY,1001,3,CG,CG
101007,ROLANDTHOM,ROLAND THOMAS,ROLAND THOMAS,1001,3,CG,CG
101008,LOUISROSSI,LOUIS ROSSI,LOUIS ROSSI,2001,3,CG,CG
101009,VÉRONIQUE-,VÉRONIQUE-GABRI,VÉRONIQUE-GABRIELLE LEGENDRE,1001,1,CG,CG
101010,MARCNGUYEN,MARC NGUYEN,MARC NGUYEN,2001,1,CG,CG
101011,ALICEMARCH,ALICE MARCHAL,ALICE MARCHAL,1001,1,CG,CG
101012,ADRIENGARN,ADRIEN GARNIER,ADRIEN GARNIER,1002,1,CG,CG
101013,PIERREMICH,PIERRE MICHEL,PIERRE MICHEL,1002,2,CG,CG
101014,AURÉLIEMAI,AURÉLIE MAILLOT,AURÉLIE MAILLOT,1002,2,CG,CG
101015,ANASTASIEB,ANASTASIE BESNA,ANASTASIE BESNARD,2001,2,CG,CG
101016,NICOLEDELA,NICOLE DE LA DU,NICOLE DE LA DUPUIS,1002,2,CG,CG
101017,MARGARETBL,MARGARET BLANCH,MARGARET BLANCHARD LE DELMAS,1002,3,CG,CG
101018,AGATHEDIAZ,AGATHE DIAZ,AGATHE DIAZ,1001,3,CG,CG
101019,ALEXANDRE-,ALEXANDRE-OLIVI,ALEXANDRE-OLIVIER PARENT,1001,2,CG,CG
101020,THIERRYRAY,THIERRY RAYMOND,THIERRY RAYMOND,2001,2,CG,CG
101021,RICHARDMAI,RICHARD MAILLAR,RICHARD MAILLARD DE PERRIN,1001,2,CG,CG
101022,NOËLDELATH,NOËL DE LA THIE,NOËL DE LA THIERRY,1001,1,CG,CG
101023,DANIELFABR,DANIEL FABRE,DANIEL FABRE,1001,3,CG,CG
101024,TRISTANMIL,TRISTAN MILLET,TRISTAN MILLET,2001,3,CG,CG
101025,CAROLINEAD,CAROLINE ADAM D,CAROLINE ADAM DE LOPEZ,1002,3,CG,CG
101026,AMÉLIEVAIL,AMÉLIE VAILLANT,AMÉLIE VAILLANT,2001,1,CG,CG
101027,MICHELLELE,MICHELLE LEROY-,MICHELLE LEROY-ROBERT,1002,1,CG,CG
101028,ANNELECLER,ANNE LECLERCQ,ANNE LECLERCQ,1001,3,CG,CG
101029,SUZANNEALB,SUZANNE ALBERT,SUZANNE ALBERT,1001,2,CG,CG
101030,PIERREDELA,PIERRE DE LA LE,PIERRE DE LA LETELLIER,1001,1,CG,CG
101031,LÉONMATHIE,LÉON MATHIEU,LÉON MATHIEU,2001,3,CG,CG
101032,ADRIENCHRÉ,ADRIEN CHRÉTIEN,ADRIEN CHRÉTIEN,1001,3,CG,CG
101033,THIERRYDUV,THIERRY DUVAL,THIERRY DUVAL,2001,2,CG,CG
101034,NICOLASCHE,NICOLAS CHEVALI,NICOLAS CHEVALIER,1001,3,CG,CG
101035,ARTHURDIAZ,ARTHUR DIAZ,ARTHUR DIAZ,1001,3,CG,CG
101036,AGNÈSBESSO,AGNÈS BESSON-LA,AGNÈS BESSON-LAROCHE,2001,2,CG,CG
101037,VICTORMERC,VICTOR MERCIER,VICTOR MERCIER,1001,1,CG,CG
101038,AGATHEGIRA,AGATHE GIRARD,AGATHE GIRARD,1001,2,CG,CG
101039,YVESDANIEL,YVES DANIEL,YVES DANIEL,1002,2,CG,CG
101040,MARTHEPERE,MARTHE PEREZ,MARTHE PEREZ,1001,2,CG,CG
101041,RENÉDESCHA,RENÉ DESCHAMPS,RENÉ DESCHAMPS,1001,1,CG,CG
101042,LOUISETHOM,LOUISE THOMAS,LOUISE THOMAS,2001,1,CG,CG
101043,GILBERTLEM,GILBERT LEMAIRE,GILBERT LEMAIRE,2001,1,CG,CG
101044,MARTHEJACQ,MARTHE JACQUES,MARTHE JACQUES,1001,3,CG,CG
101045,ANTOINEBLO,ANTOINE BLONDEL,ANTOINE BLONDEL,1001,2,CG,CG
101046,ALEXDUMAS,ALEX DUMAS,ALEX DUMAS,1002,3,CG,CG
101047,FRANÇOISBR,FRANÇOIS BRUNEL,FRANÇOIS BRUNEL,2001,2,CG,CG
101048,BRIGITTERO,BRIGITTE RODRIG,BRIGITTE RODRIGUEZ,1002,3,CG,CG
101049,LÉONPELTIE,LÉON PELTIER,LÉON PELTIER,2001,1,CG,CG
101050,ALFREDGILL,ALFRED GILLES D,ALFRED GILLES DE LELEU,1002,2,CG,CG
101051,CLÉMENCEDE,CLÉMENCE DE SIM,CLÉMENCE DE SIMON,2001,1,CG,CG
101052,GABRIELBOU,GABRIEL BOUCHET,GABRIEL BOUCHET,1001,3,CG,CG
101053,OLIVIERBRU,OLIVIER BRUNEL,OLIVIER BRUNEL,2001,2,CG,CG
101054,LUCCOUTURI,LUC COUTURIER,LUC COUTURIER,1002,1,CG,CG
101055,BERNADETTE,BERNADETTE LEMA,BERNADETTE LEMAIRE,1002,3,CG,CG
101056,BERNADETTE,BERNADETTE LEMO,BERNADETTE LEMONNIER,1001,3,CG,CG
101057,ADÉLAÏDE-T,ADÉLAÏDE-THÉRÈS,ADÉLAÏDE-THÉRÈSE PIERRE,2001,2,CG,CG
101058,VALÉRIEHAR,VALÉRIE HARDY-R,VALÉRIE HARDY-RUIZ,1002,1,CG,CG
101059,LAURENCETE,LAURENCE TESSIE,LAURENCE TESSIER DE LA SAUVAGE,2001,3,CG,CG
101060,AIMÉDIDIER,AIMÉ DIDIER,AIMÉ DIDIER,2001,3,CG,CG
101061,ROLANDHUET,ROLAND HUET,ROLAND HUET,1001,1,CG,CG
101062,INÈSBRUNEL,INÈS BRUNEL,INÈS BRUNEL,1001,2,CG,CG
101063,CHRISTOPHE,CHRISTOPHE TRAO,CHRISTOPHE TRAORE,1002,3,CG,CG
101064,JACQUESLAM,JACQUES LAMBERT,JACQUES LAMBERT,1001,2,CG,CG
101065,ZACHARIEMI,ZACHARIE MICHEL,ZACHARIE MICHEL,1002,1,CG,CG
101066,ALIX-ALIXM,ALIX-ALIX MARIN,ALIX-ALIX MARIN,1002,2,CG,CG
101067,PHILIPPERU,PHILIPPE RUIZ,PHILIPPE RUIZ,1002,2,CG,CG
101068,THÉOPHILEL,THÉOPHILE LEGRA,THÉOPHILE LEGRAND,2001,3,CG,CG
101069,HENRIETTET,HENRIETTE THOMA,HENRIETTE THOMAS,1001,1,CG,CG
101070,XAVIERDUFO,XAVIER DUFOUR,XAVIER DUFOUR,1001,2,CG,CG
101071,JULIEDEOLI,JULIE DE OLIVEI,JULIE DE OLIVEIRA DE RENAULT,2001,2,CG,CG
101072,PÉNÉLOPEHA,PÉNÉLOPE HAMON,PÉNÉLOPE HAMON,1002,2,CG,CG
101073,SYLVIEBRUN,SYLVIE BRUN,SYLVIE BRUN,2001,1,CG,CG
101074,HONORÉIMBE,HONORÉ IMBERT,HONORÉ IMBERT,1002,3,CG,CG
101075,GILBERTHAM,GILBERT HAMON,GILBERT HAMON,1001,1,CG,CG
101076,BERTRANDMA,BERTRAND MATHIE,BERTRAND MATHIEU-LEFEBVRE,2001,2,CG,CG
101077,ARTHURDELA,ARTHUR DE LA DE,ARTHUR DE LA DE SOUSA,1002,3,CG,CG
101078,CLAUDINEGR,CLAUDINE GRÉGOI,CLAUDINE GRÉGOIRE,1001,2,CG,CG
101079,GEORGESLOU,GEORGES LOUIS,GEORGES LOUIS,1001,1,CG,CG
